input,subject,subject_type,data/object,relation,object,object_type
第7章语义搜索王昊奋上海乐言信息科技有限公司，王萌东南大学知识图谱能够赋予信息明确的结构和语义，使机器不仅可以直观地显示这些信息，更能够理解、处理和整合它们。,知识图谱,知识图谱,data,特点,能够赋予信息明确的结构和语义，使机器不仅可以直观地显示这些信息，更能够理解、处理和整合它们,描述
第7章语义搜索王昊奋上海乐言信息科技有限公司，王萌东南大学知识图谱能够赋予信息明确的结构和语义，使机器不仅可以直观地显示这些信息，更能够理解、处理和整合它们。,知识图谱,知识图谱,object,实现,语义搜索,语义搜索
近年来，随着链接开放数据LOD（Linked_Open_Data）、OpenKG等项目的全面展开，知识图谱数据源的数量激增，大量以RDF为数据模型的图结构语义数据被发布，如DBpedia[1]、Wikidata[2]、zhishi.me[3]等。,链接开放数据LOD,链接,data,英文名,Linked_Open_Data,链接
近年来，随着链接开放数据LOD（Linked_Open_Data）、OpenKG等项目的全面展开，知识图谱数据源的数量激增，大量以RDF为数据模型的图结构语义数据被发布，如DBpedia[1]、Wikidata[2]、zhishi.me[3]等。,OpenKG,知识图谱项目,data,内容,项目的全面展开,描述
近年来，随着链接开放数据LOD（Linked_Open_Data）、OpenKG等项目的全面展开，知识图谱数据源的数量激增，大量以RDF为数据模型的图结构语义数据被发布，如DBpedia[1]、Wikidata[2]、zhishi.me[3]等。,知识图谱,知识图谱,data,内容,数据源的数量激增,描述
近年来，随着链接开放数据LOD（Linked_Open_Data）、OpenKG等项目的全面展开，知识图谱数据源的数量激增，大量以RDF为数据模型的图结构语义数据被发布，如DBpedia[1]、Wikidata[2]、zhishi.me[3]等。,RDF,知识表示,data,内容,数据模型,描述
近年来，随着链接开放数据LOD（Linked_Open_Data）、OpenKG等项目的全面展开，知识图谱数据源的数量激增，大量以RDF为数据模型的图结构语义数据被发布，如DBpedia[1]、Wikidata[2]、zhishi.me[3]等。,图结构语义数据,知识表示,data,内容,被发布,描述
近年来，随着链接开放数据LOD（Linked_Open_Data）、OpenKG等项目的全面展开，知识图谱数据源的数量激增，大量以RDF为数据模型的图结构语义数据被发布，如DBpedia[1]、Wikidata[2]、zhishi.me[3]等。,DBpedia,知识图谱项目,data,内容,以RDF为数据模型的图结构语义数据,描述
近年来，随着链接开放数据LOD（Linked_Open_Data）、OpenKG等项目的全面展开，知识图谱数据源的数量激增，大量以RDF为数据模型的图结构语义数据被发布，如DBpedia[1]、Wikidata[2]、zhishi.me[3]等。,Wikidata,知识图谱项目,data,内容,以RDF为数据模型的图结构语义数据,描述
近年来，随着链接开放数据LOD（Linked_Open_Data）、OpenKG等项目的全面展开，知识图谱数据源的数量激增，大量以RDF为数据模型的图结构语义数据被发布，如DBpedia[1]、Wikidata[2]、zhishi.me[3]等。,zhishi.me,知识图谱项目,data,内容,以RDF为数据模型的图结构语义数据,描述
互联网从仅包含网页和网页之间超链接的文档万维网逐渐转变成包含大量描述各种实体和实体之间丰富关系的语义万维网。,语义万维网,知识表示,data,特点,包含大量描述各种实体和实体之间丰富关系,描述
互联网从仅包含网页和网页之间超链接的文档万维网逐渐转变成包含大量描述各种实体和实体之间丰富关系的语义万维网。,语义万维网,知识表示,object,包含,实体,知识表示
互联网从仅包含网页和网页之间超链接的文档万维网逐渐转变成包含大量描述各种实体和实体之间丰富关系的语义万维网。,语义万维网,知识表示,object,包含,实体之间丰富关系,知识表示
互联网从仅包含网页和网页之间超链接的文档万维网逐渐转变成包含大量描述各种实体和实体之间丰富关系的语义万维网。,文档万维网,知识表示,object,发展为,语义万维网,知识表示
在这种背景下，以谷歌为代表的各大搜索引擎公司纷纷构建知识图谱来改善搜索质量，从而拉开了语义搜索的序幕。,知识图谱,知识图谱,data,作用,改善搜索质量,功能描述
在这种背景下，以谷歌为代表的各大搜索引擎公司纷纷构建知识图谱来改善搜索质量，从而拉开了语义搜索的序幕。,知识图谱,知识图谱,object,实现,语义搜索,语义搜索
与传统互联网中的文档检索不同，语义搜索需要处理粒度更细的结构化语义数据，因此也面临着前所未有的挑战[4]。,语义搜索,语义搜索,data,特点,需要处理粒度更细的结构化语义数据,描述
原有成熟的针对非结构化的、Web文档的存储与索引技术对知识图谱不再适用。,存储与索引技术,知识存储,data,缺点,对知识图谱不再适用,描述
现有的排序算法也不能直接应用到面向实体和关系的知识图谱语义搜索中。,排序算法,算法,data,缺点,不能直接应用到面向实体和关系的知识图谱语义搜索中,描述
以SPARQL查询为代表的结构化查询语言的出现，为支持知识图谱的语义搜索提供了基础。,SPARQL查询,语义搜索,data,作用,为支持知识图谱的语义搜索提供了基础,描述
以SPARQL查询为代表的结构化查询语言的出现，为支持知识图谱的语义搜索提供了基础。,SPARQL查询,语义搜索,object,实例,结构化查询语言,语义搜索
以SPARQL查询为代表的结构化查询语言的出现，为支持知识图谱的语义搜索提供了基础。,结构化查询语言,语义搜索,data,作用,为支持知识图谱的语义搜索提供了基础,描述
本章旨在全面系统地介绍以RDF为数据模型的知识图谱语义搜索基础技术以及面临的挑战。,知识图谱,知识图谱,data,内容,语义搜索基础技术以及面临的挑战,技术描述
本章旨在全面系统地介绍以RDF为数据模型的知识图谱语义搜索基础技术以及面临的挑战。,语义搜索,语义搜索,data,内容,基础技术以及面临的挑战,技术描述
本章旨在全面系统地介绍以RDF为数据模型的知识图谱语义搜索基础技术以及面临的挑战。,本章,文本章节,data,目标,全面系统地介绍以RDF为数据模型的知识图谱语义搜索基础技术以及面临的挑战,描述
7.1语义搜索简介搜索也称信息检索（Information_Retrieval），是从信息资源集合获得与信息需求相关的信息资源的活动[1]。,语义搜索,语义搜索,data,内容,搜索也称信息检索（Information_Retrieval），是从信息资源集合获得与信息需求相关的信息资源的活动,描述
7.1语义搜索简介搜索也称信息检索（Information_Retrieval），是从信息资源集合获得与信息需求相关的信息资源的活动[1]。,信息检索,语义搜索,data,英文名,Information_Retrieval,英文名
7.1语义搜索简介搜索也称信息检索（Information_Retrieval），是从信息资源集合获得与信息需求相关的信息资源的活动[1]。,信息检索,语义搜索,data,内容,搜索也称信息检索（Information_Retrieval），是从信息资源集合获得与信息需求相关的信息资源的活动,描述
此外，面向数据的检索（Data_Retrieval）也受到越来越多的关注，主要包括基于数据库的检索和基于知识库的检索，其特点是能够提供更精确的答案[5]。,面向数据的检索,语义搜索,data,方法,基于数据库的检索和基于知识库的检索,方法
此外，面向数据的检索（Data_Retrieval）也受到越来越多的关注，主要包括基于数据库的检索和基于知识库的检索，其特点是能够提供更精确的答案[5]。,面向数据的检索,语义搜索,data,特点,能够提供更精确的答案,描述
此外，面向数据的检索（Data_Retrieval）也受到越来越多的关注，主要包括基于数据库的检索和基于知识库的检索，其特点是能够提供更精确的答案[5]。,面向数据的检索,语义搜索,object,包含,知识库的检索,语义搜索
此外，面向数据的检索（Data_Retrieval）也受到越来越多的关注，主要包括基于数据库的检索和基于知识库的检索，其特点是能够提供更精确的答案[5]。,知识库的检索,语义搜索,data,方法,基于知识库的检索,方法
面向文档和面向数据两种模式间的技术差异大致可以分为三个部分，即对用户需求的(Query_Model）、对底层数据的表示（Data_model)和匹配技术（Matching_Technique）。,Query_Model,知识表示,data,内容,对用户需求的,描述
面向文档和面向数据两种模式间的技术差异大致可以分为三个部分，即对用户需求的(Query_Model）、对底层数据的表示（Data_model)和匹配技术（Matching_Technique）。,Data_model,知识表示,data,内容,对底层数据的表示,描述
面向文档和面向数据两种模式间的技术差异大致可以分为三个部分，即对用户需求的(Query_Model）、对底层数据的表示（Data_model)和匹配技术（Matching_Technique）。,Matching_Technique,知识抽取,data,内容,匹配技术,描述
面向文档和面向数据两种模式间的技术差异大致可以分为三个部分，即对用户需求的(Query_Model）、对底层数据的表示（Data_model)和匹配技术（Matching_Technique）。,面向文档和面向数据两种模式间的技术差异,知识工程,object,包含,Query_Model,知识表示
面向文档和面向数据两种模式间的技术差异大致可以分为三个部分，即对用户需求的(Query_Model）、对底层数据的表示（Data_model)和匹配技术（Matching_Technique）。,面向文档和面向数据两种模式间的技术差异,知识工程,object,包含,Data_model,知识表示
面向文档和面向数据两种模式间的技术差异大致可以分为三个部分，即对用户需求的(Query_Model）、对底层数据的表示（Data_model)和匹配技术（Matching_Technique）。,面向文档和面向数据两种模式间的技术差异,知识工程,object,包含,Matching_Technique,知识抽取
面向文档的信息检索主要通过轻量级的语法模型（Lightweight_Syntax-Centric_Model）表示用户的检索需求和资源的内容，即目前占主导地位的关键词模式——词袋模型（Bag-of-Words）。,Lightweight_Syntax-Centric_Model,知识表示,data,内容,表示用户的检索需求和资源的内容,描述
面向文档的信息检索主要通过轻量级的语法模型（Lightweight_Syntax-Centric_Model）表示用户的检索需求和资源的内容，即目前占主导地位的关键词模式——词袋模型（Bag-of-Words）。,Lightweight_Syntax-Centric_Model,知识表示,data,英文名,Lightweight_Syntax-Centric_Model,知识表示
面向文档的信息检索主要通过轻量级的语法模型（Lightweight_Syntax-Centric_Model）表示用户的检索需求和资源的内容，即目前占主导地位的关键词模式——词袋模型（Bag-of-Words）。,Lightweight_Syntax-Centric_Model,知识表示,data,特点,目前占主导地位的关键词模式——词袋模型（Bag-of-Words）,描述
面向文档的信息检索主要通过轻量级的语法模型（Lightweight_Syntax-Centric_Model）表示用户的检索需求和资源的内容，即目前占主导地位的关键词模式——词袋模型（Bag-of-Words）。,词袋模型,知识表示,data,内容,目前占主导地位的关键词模式,描述
面向文档的信息检索主要通过轻量级的语法模型（Lightweight_Syntax-Centric_Model）表示用户的检索需求和资源的内容，即目前占主导地位的关键词模式——词袋模型（Bag-of-Words）。,词袋模型,知识表示,data,英文名,Bag-of-Words,知识表示
面向文档的信息检索主要通过轻量级的语法模型（Lightweight_Syntax-Centric_Model）表示用户的检索需求和资源的内容，即目前占主导地位的关键词模式——词袋模型（Bag-of-Words）。,Bag-of-Words,知识表示,data,内容,目前占主导地位的关键词模式,描述
面向文档的信息检索主要通过轻量级的语法模型（Lightweight_Syntax-Centric_Model）表示用户的检索需求和资源的内容，即目前占主导地位的关键词模式——词袋模型（Bag-of-Words）。,信息检索,语义搜索,data,方法,轻量级的语法模型（Lightweight_Syntax-Centric_Model）表示用户的检索需求和资源的内容，即目前占主导地位的关键词模式——词袋模型（Bag-of-Words）,知识表示
面向文档的信息检索主要通过轻量级的语法模型（Lightweight_Syntax-Centric_Model）表示用户的检索需求和资源的内容，即目前占主导地位的关键词模式——词袋模型（Bag-of-Words）。,语法模型,知识表示,object,包含,Lightweight_Syntax-Centric_Model,知识表示
相比来说，基于数据库Model）和匹配技术（Matching和基于知识库的检索系统能够通过使用表达能力更强的模型来表示用户的需求，并且利用数据内在的结构和语义关联，允许更为复杂的查询，进而提供更加精确和具体的答案。,知识库,知识存储,data,作用,通过使用表达能力更强的模型来表示用户的需求，并且利用数据内在的结构和语义关联，允许更为复杂的查询，进而提供更加精确和具体的答案,功能描述
相比来说，基于数据库Model）和匹配技术（Matching和基于知识库的检索系统能够通过使用表达能力更强的模型来表示用户的需求，并且利用数据内在的结构和语义关联，允许更为复杂的查询，进而提供更加精确和具体的答案。,检索系统,语义搜索,data,作用,通过使用表达能力更强的模型来表示用户的需求，并且利用数据内在的结构和语义关联，允许更为复杂的查询，进而提供更加精确和具体的答案,功能描述
语义关注的是能用于搜索的资源的含义。,语义,知识表示,data,内容,能用于搜索的资源的含义,描述
这些含义是通过语义模型构建的，例如语言学模型和概念模型。,语义模型,知识表示,data,内容,语言学模型和概念模型,知识表示
这些含义是通过语义模型构建的，例如语言学模型和概念模型。,语言学模型,知识表示,object,实例,语义模型,知识表示
这些含义是通过语义模型构建的，例如语言学模型和概念模型。,概念模型,知识表示,object,实例,语义模型,知识表示
其中，语言学模型主要侧重对词语级别的关系建模、分类以及构建同义词库，而概念模型主要侧重对论域中的语法元素的关系建模，以及从语法元素到论域的映射。,语言学模型,知识表示,data,内容,词语级别的关系建模、分类以及构建同义词库,知识表示
其中，语言学模型主要侧重对词语级别的关系建模、分类以及构建同义词库，而概念模型主要侧重对论域中的语法元素的关系建模，以及从语法元素到论域的映射。,语言学模型,知识表示,object,包含,词语级别的关系建模,知识表示
其中，语言学模型主要侧重对词语级别的关系建模、分类以及构建同义词库，而概念模型主要侧重对论域中的语法元素的关系建模，以及从语法元素到论域的映射。,语言学模型,知识表示,object,包含,分类,知识抽取
其中，语言学模型主要侧重对词语级别的关系建模、分类以及构建同义词库，而概念模型主要侧重对论域中的语法元素的关系建模，以及从语法元素到论域的映射。,语言学模型,知识表示,object,包含,同义词库,知识表示
其中，语言学模型主要侧重对词语级别的关系建模、分类以及构建同义词库，而概念模型主要侧重对论域中的语法元素的关系建模，以及从语法元素到论域的映射。,概念模型,知识表示,data,内容,论域中的语法元素的关系建模，以及从语法元素到论域的映射,知识表示
其中，语言学模型主要侧重对词语级别的关系建模、分类以及构建同义词库，而概念模型主要侧重对论域中的语法元素的关系建模，以及从语法元素到论域的映射。,概念模型,知识表示,object,包含,语法元素,知识表示
其中，语言学模型主要侧重对词语级别的关系建模、分类以及构建同义词库，而概念模型主要侧重对论域中的语法元素的关系建模，以及从语法元素到论域的映射。,概念模型,知识表示,object,包含,语法元素到论域的映射,知识表示
此外，语义模型要求必须具备表达能力，即语言和建模结构的数量。,语义模型,知识表示,data,特点,必须具备表达能力，即语言和建模结构的数量,描述
此外，语义模型要求必须具备表达能力，即语言和建模结构的数量。,语义模型,知识表示,object,前提,表达能力,知识表示
也就是说，并不存在单一类型的语义搜索技术，而是利用各种不同表达能力的语义模型的搜索系统。,语义搜索,语义搜索,data,特点,并不存在单一类型的语义搜索技术，而是利用各种不同表达能力的语义模型的搜索系统,描述
也就是说，并不存在单一类型的语义搜索技术，而是利用各种不同表达能力的语义模型的搜索系统。,语义模型,知识表示,data,内容,各种不同表达能力,描述
显然，基于数据库和基于知识库的检索系统属于重量级语义搜索系统，因为它们采用显式的和形式化的模型，例如关系数据库中的E-R图、RDF和OWL中的知识模型。,语义搜索系统,语义搜索,data,特点,采用显式的和形式化的模型,描述
显然，基于数据库和基于知识库的检索系统属于重量级语义搜索系统，因为它们采用显式的和形式化的模型，例如关系数据库中的E-R图、RDF和OWL中的知识模型。,语义搜索系统,语义搜索,object,包含,关系数据库,知识存储
显然，基于数据库和基于知识库的检索系统属于重量级语义搜索系统，因为它们采用显式的和形式化的模型，例如关系数据库中的E-R图、RDF和OWL中的知识模型。,语义搜索系统,语义搜索,object,包含,E-R图,知识表示
显然，基于数据库和基于知识库的检索系统属于重量级语义搜索系统，因为它们采用显式的和形式化的模型，例如关系数据库中的E-R图、RDF和OWL中的知识模型。,语义搜索系统,语义搜索,object,包含,RDF,知识表示
显然，基于数据库和基于知识库的检索系统属于重量级语义搜索系统，因为它们采用显式的和形式化的模型，例如关系数据库中的E-R图、RDF和OWL中的知识模型。,语义搜索系统,语义搜索,object,包含,OWL,知识表示
显然，基于数据库和基于知识库的检索系统属于重量级语义搜索系统，因为它们采用显式的和形式化的模型，例如关系数据库中的E-R图、RDF和OWL中的知识模型。,语义搜索系统,语义搜索,object,包含,知识模型,知识表示
显然，基于数据库和基于知识库的检索系统属于重量级语义搜索系统，因为它们采用显式的和形式化的模型，例如关系数据库中的E-R图、RDF和OWL中的知识模型。,关系数据库,知识存储,data,内容,E-R图,知识表示
显然，基于数据库和基于知识库的检索系统属于重量级语义搜索系统，因为它们采用显式的和形式化的模型，例如关系数据库中的E-R图、RDF和OWL中的知识模型。,RDF,知识表示,data,内容,知识模型,知识表示
显然，基于数据库和基于知识库的检索系统属于重量级语义搜索系统，因为它们采用显式的和形式化的模型，例如关系数据库中的E-R图、RDF和OWL中的知识模型。,OWL,知识表示,data,内容,知识模型,知识表示
显然，基于数据库和基于知识库的检索系统属于重量级语义搜索系统，因为它们采用显式的和形式化的模型，例如关系数据库中的E-R图、RDF和OWL中的知识模型。,E-R图,知识表示,object,实例,知识模型,知识表示
通过在检索过程中结合使用这些表达能力更强的类型数据，纯粹面向文档的检索系统已经包含了一定程度的语义使用，已经变成了轻量级的语义搜索系统。,语义搜索系统,语义搜索,data,特点,通过在检索过程中结合使用这些表达能力更强的类型数据，纯粹面向文档的检索系统已经包含了一定程度的语义使用,描述
如图7-1所示，一个语义搜索系统的基本框架包括查询构建、查询处理、结果展示、查询优化、语义模型、资源及文档等。,语义搜索系统,语义搜索,data,内容,查询构建、查询处理、结果展示、查询优化、语义模型、资源及文档,语义搜索
如图7-1所示，一个语义搜索系统的基本框架包括查询构建、查询处理、结果展示、查询优化、语义模型、资源及文档等。,语义搜索系统,语义搜索,object,包含,语义模型,知识表示
目前，大量的语义网络搜索系统已经被构建，其目的是利用互联网上大量的RDF数据及表达Web上可用的OWL本体。,语义网络搜索系统,语义搜索,data,目标,利用互联网上大量的RDF数据及表达Web上可用的OWL本体,描述
目前，大量的语义网络搜索系统已经被构建，其目的是利用互联网上大量的RDF数据及表达Web上可用的OWL本体。,语义网络搜索系统,语义搜索,data,作用,利用互联网上大量的RDF数据及表达Web上可用的OWL本体,功能描述
另一方面，也可以直接将数据库和语义网技术应用于信息检索问题，将丰富的结构化和高度表达的数据的可用性提高到搜索过程中。,语义网技术,知识表示,data,作用,将丰富的结构化和高度表达的数据的可用性提高到搜索过程中,描述
另一方面，也可以直接将数据库和语义网技术应用于信息检索问题，将丰富的结构化和高度表达的数据的可用性提高到搜索过程中。,语义网技术,知识表示,object,实现,信息检索,语义搜索
另一方面，也可以直接将数据库和语义网技术应用于信息检索问题，将丰富的结构化和高度表达的数据的可用性提高到搜索过程中。,信息检索,语义搜索,data,内容,直接将数据库和语义网技术应用于信息检索问题,描述
另一方面，也可以直接将数据库和语义网技术应用于信息检索问题，将丰富的结构化和高度表达的数据的可用性提高到搜索过程中。,结构化数据,知识存储,data,作用,将丰富的结构化和高度表达的数据的可用性提高到搜索过程中,描述
另一方面，也可以直接将数据库和语义网技术应用于信息检索问题，将丰富的结构化和高度表达的数据的可用性提高到搜索过程中。,高度表达的数据,知识表示,data,作用,将丰富的结构化和高度表达的数据的可用性提高到搜索过程中,描述
目前，最先进的语义搜索系统结合了一系列技术，包括结构化查询语言的构建、基于统计的信息检索排序方法、有效索引和查询处理的数据库方法以及复杂推理等技术。,语义搜索系统,语义搜索,data,方法,结构化查询语言的构建、基于统计的信息检索排序方法、有效索引和查询处理的数据库方法以及复杂推理等技术,技术组合
目前，最先进的语义搜索系统结合了一系列技术，包括结构化查询语言的构建、基于统计的信息检索排序方法、有效索引和查询处理的数据库方法以及复杂推理等技术。,语义搜索系统,语义搜索,object,包含,结构化查询语言,知识表示
目前，最先进的语义搜索系统结合了一系列技术，包括结构化查询语言的构建、基于统计的信息检索排序方法、有效索引和查询处理的数据库方法以及复杂推理等技术。,语义搜索系统,语义搜索,object,包含,信息检索排序方法,语义搜索
目前，最先进的语义搜索系统结合了一系列技术，包括结构化查询语言的构建、基于统计的信息检索排序方法、有效索引和查询处理的数据库方法以及复杂推理等技术。,语义搜索系统,语义搜索,object,包含,有效索引,知识存储
目前，最先进的语义搜索系统结合了一系列技术，包括结构化查询语言的构建、基于统计的信息检索排序方法、有效索引和查询处理的数据库方法以及复杂推理等技术。,语义搜索系统,语义搜索,object,包含,查询处理,语义搜索
目前，最先进的语义搜索系统结合了一系列技术，包括结构化查询语言的构建、基于统计的信息检索排序方法、有效索引和查询处理的数据库方法以及复杂推理等技术。,语义搜索系统,语义搜索,object,包含,数据库方法,知识存储
目前，最先进的语义搜索系统结合了一系列技术，包括结构化查询语言的构建、基于统计的信息检索排序方法、有效索引和查询处理的数据库方法以及复杂推理等技术。,语义搜索系统,语义搜索,object,包含,复杂推理,知识推理
图7-1语义搜索基本框架7.2结构化的查询语言语义搜索的核心在于查询的构建和理解，本小节主要介绍面向知识图谱的标准结构化查询语言。,语义搜索,语义搜索,data,内容,查询的构建和理解,描述
图7-1语义搜索基本框架7.2结构化的查询语言语义搜索的核心在于查询的构建和理解，本小节主要介绍面向知识图谱的标准结构化查询语言。,结构化查询语言,语义搜索,data,内容,面向知识图谱的标准结构化查询语言,描述
回顾前面章节中的内容，知识图谱的数据模型为RDF，它是W3C推荐的用于表示语义信息的重要数据标准。,知识图谱,知识图谱,data,内容,数据模型为RDF,知识表示
回顾前面章节中的内容，知识图谱的数据模型为RDF，它是W3C推荐的用于表示语义信息的重要数据标准。,RDF,知识表示,data,内容,W3C推荐的用于表示语义信息的重要数据标准,知识表示
回顾前面章节中的内容，知识图谱的数据模型为RDF，它是W3C推荐的用于表示语义信息的重要数据标准。,RDF,知识表示,data,英文名,Resource Description Framework,知识表示
回顾前面章节中的内容，知识图谱的数据模型为RDF，它是W3C推荐的用于表示语义信息的重要数据标准。,RDF,知识表示,object,实例,数据标准,知识表示
RDF的核心思想是通过RDF三元组的形式描述事实知识。,RDF,知识表示,data,内容,通过RDF三元组的形式描述事实知识,描述
多个RDF三元组组成的集合构成了RDF数据集。,RDF数据集,知识存储,data,被定义为,多个RDF三元组组成的集合,知识表示
多个RDF三元组组成的集合构成了RDF数据集。,RDF数据集,知识存储,object,包含,RDF三元组,知识表示
多个RDF三元组组成的集合构成了RDF数据集。,RDF三元组,知识表示,object,实例,RDF数据集,知识存储
目前，RDF已经成为知识图谱的主要描述格式，越来越多的知识图谱数据以RDF三元组的形式发布出来。,RDF,知识表示,data,内容,知识图谱的主要描述格式,描述
目前，RDF已经成为知识图谱的主要描述格式，越来越多的知识图谱数据以RDF三元组的形式发布出来。,RDF,知识表示,object,包含,RDF三元组,知识表示
目前，RDF已经成为知识图谱的主要描述格式，越来越多的知识图谱数据以RDF三元组的形式发布出来。,RDF三元组,知识表示,data,内容,知识图谱数据发布的形式,描述
目前，RDF已经成为知识图谱的主要描述格式，越来越多的知识图谱数据以RDF三元组的形式发布出来。,RDF三元组,知识表示,object,实例,知识图谱,知识图谱
目前，RDF已经成为知识图谱的主要描述格式，越来越多的知识图谱数据以RDF三元组的形式发布出来。,知识图谱,知识图谱,object,包含,RDF,知识表示
多个知识图谱通过RDF三元组之间相互关联，形成了一个巨大的数据关联网络。,知识图谱,知识图谱,data,内容,RDF三元组,知识表示
多个知识图谱通过RDF三元组之间相互关联，形成了一个巨大的数据关联网络。,知识图谱,知识图谱,object,实现,数据关联网络,知识图谱
多个知识图谱通过RDF三元组之间相互关联，形成了一个巨大的数据关联网络。,RDF三元组,知识表示,object,实现,数据关联网络,知识图谱
以LOD为例，整个项目已经包含超过1000多亿条RDF三元组并依然在快速增加，蕴含了丰富的信息资源。,LOD,知识图谱项目,data,特点,整个项目已经包含超过1000多亿条RDF三元组并依然在快速增加，蕴含了丰富的信息资源,描述
以LOD为例，整个项目已经包含超过1000多亿条RDF三元组并依然在快速增加，蕴含了丰富的信息资源。,LOD,知识图谱项目,object,包含,RDF三元组,知识表示
以LOD为例，整个项目已经包含超过1000多亿条RDF三元组并依然在快速增加，蕴含了丰富的信息资源。,RDF三元组,知识表示,data,内容,超过1000多亿条并依然在快速增加，蕴含了丰富的信息资源,描述
精确查询并获取知识图谱中三元组中的有关信息是语义搜索的核心。,语义搜索,语义搜索,data,内容,精确查询并获取知识图谱中三元组中的有关信息,描述
SPARQL查询语言是面向RDF图的结构化查询语言，目前已被W3C推荐为RDF数据的标准查询语言[2]，其地位和查询形式都类似于关系数据库的SQL语言。,SPARQL查询语言,知识表示,object,实例,RDF图,知识表示
W3C推荐RDF数据集的发布者在发布数据的同时，能够提供相应的SPARQL检索引擎和查询接口。,RDF数据集,知识存储,data,内容,SPARQL检索引擎和查询接口,语义搜索
以Apache软件基金会的Jena[3]项目为代表的一些SPARQL开源框架，进一步促进了组织机构和个人快速方便地搭建自己的SPARQL查询服务。,Jena,知识图谱项目,object,实例,SPARQL开源框架,知识表示
以Apache软件基金会的Jena[3]项目为代表的一些SPARQL开源框架，进一步促进了组织机构和个人快速方便地搭建自己的SPARQL查询服务。,Jena,知识图谱项目,data,内容,进一步促进了组织机构和个人快速方便地搭建自己的SPARQL查询服务,描述
以Apache软件基金会的Jena[3]项目为代表的一些SPARQL开源框架，进一步促进了组织机构和个人快速方便地搭建自己的SPARQL查询服务。,SPARQL,知识表示,data,内容,进一步促进了组织机构和个人快速方便地搭建自己的SPARQL查询服务,描述
以Apache软件基金会的Jena[3]项目为代表的一些SPARQL开源框架，进一步促进了组织机构和个人快速方便地搭建自己的SPARQL查询服务。,SPARQL查询服务,语义搜索,data,内容,进一步促进了组织机构和个人快速方便地搭建自己的SPARQL查询服务,描述
SPARQL查询的核心处理单元是类似RDF三元组形式的三元组模式（TriplePattern），不同之处在于SPARQL的三元组模式中，主语、谓语或宾语可以是变量（以“?”开头标识）。,三元组模式,知识表示,data,被定义为,类似RDF三元组形式的三元组模式（TriplePattern），不同之处在于SPARQL的三元组模式中，主语、谓语或宾语可以是变量（以“?”开头标识）,描述
SPARQL查询的核心处理单元是类似RDF三元组形式的三元组模式（TriplePattern），不同之处在于SPARQL的三元组模式中，主语、谓语或宾语可以是变量（以“?”开头标识）。,三元组模式,知识表示,data,英文名,TriplePattern,知识表示
SPARQL查询的核心处理单元是类似RDF三元组形式的三元组模式（TriplePattern），不同之处在于SPARQL的三元组模式中，主语、谓语或宾语可以是变量（以“?”开头标识）。,三元组模式,知识表示,data,语法,主语、谓语或宾语可以是变量（以“?”开头标识）,描述
SPARQL查询的核心处理单元是类似RDF三元组形式的三元组模式（TriplePattern），不同之处在于SPARQL的三元组模式中，主语、谓语或宾语可以是变量（以“?”开头标识）。,三元组模式,知识表示,object,包含,变量,知识表示
SPARQL查询的核心处理单元是类似RDF三元组形式的三元组模式（TriplePattern），不同之处在于SPARQL的三元组模式中，主语、谓语或宾语可以是变量（以“?”开头标识）。,TriplePattern,知识表示,data,被定义为,类似RDF三元组形式的三元组模式（TriplePattern），不同之处在于SPARQL的三元组模式中，主语、谓语或宾语可以是变量（以“?”开头标识）,描述
SPARQL查询的核心处理单元是类似RDF三元组形式的三元组模式（TriplePattern），不同之处在于SPARQL的三元组模式中，主语、谓语或宾语可以是变量（以“?”开头标识）。,SPARQL查询,语义搜索,object,包含,三元组模式,知识表示
SPARQL查询的核心处理单元是类似RDF三元组形式的三元组模式（TriplePattern），不同之处在于SPARQL的三元组模式中，主语、谓语或宾语可以是变量（以“?”开头标识）。,SPARQL查询,语义搜索,data,内容,核心处理单元是类似RDF三元组形式的三元组模式（TriplePattern），不同之处在于SPARQL的三元组模式中，主语、谓语或宾语可以是变量（以“?”开头标识）,描述
"例如，三元组模式<?film,director,Tim_burton>可以用来查询“蒂姆·伯顿执导的电影有哪些？”同样，类似于RDF三元组可以组成RDF图的道理，由多个SPARQL三元组模式组成的集合称作基本图模式（Basic_Graph_Pattern,BGP），基本图模式可以用来表示更为明确、复杂的查询需求。",基本图模式,知识表示,data,被定义为,由多个SPARQL三元组模式组成的集合,定义
"例如，三元组模式<?film,director,Tim_burton>可以用来查询“蒂姆·伯顿执导的电影有哪些？”同样，类似于RDF三元组可以组成RDF图的道理，由多个SPARQL三元组模式组成的集合称作基本图模式（Basic_Graph_Pattern,BGP），基本图模式可以用来表示更为明确、复杂的查询需求。",基本图模式,知识表示,data,作用,表示更为明确、复杂的查询需求,功能描述
"例如，三元组模式<?film,director,Tim_burton>可以用来查询“蒂姆·伯顿执导的电影有哪些？”同样，类似于RDF三元组可以组成RDF图的道理，由多个SPARQL三元组模式组成的集合称作基本图模式（Basic_Graph_Pattern,BGP），基本图模式可以用来表示更为明确、复杂的查询需求。",基本图模式,知识表示,data,英文名,Basic_Graph_Pattern,知识表示
"例如，三元组模式<?film,director,Tim_burton>可以用来查询“蒂姆·伯顿执导的电影有哪些？”同样，类似于RDF三元组可以组成RDF图的道理，由多个SPARQL三元组模式组成的集合称作基本图模式（Basic_Graph_Pattern,BGP），基本图模式可以用来表示更为明确、复杂的查询需求。",基本图模式,知识表示,data,英文名,BGP,知识表示
"例如，三元组模式<?film,director,Tim_burton>可以用来查询“蒂姆·伯顿执导的电影有哪些？”同样，类似于RDF三元组可以组成RDF图的道理，由多个SPARQL三元组模式组成的集合称作基本图模式（Basic_Graph_Pattern,BGP），基本图模式可以用来表示更为明确、复杂的查询需求。",基本图模式,知识表示,object,由组成,SPARQL三元组模式,知识表示
"例如，三元组模式<?film,director,Tim_burton>可以用来查询“蒂姆·伯顿执导的电影有哪些？”同样，类似于RDF三元组可以组成RDF图的道理，由多个SPARQL三元组模式组成的集合称作基本图模式（Basic_Graph_Pattern,BGP），基本图模式可以用来表示更为明确、复杂的查询需求。",Basic_Graph_Pattern,知识表示,data,被定义为,由多个SPARQL三元组模式组成的集合,定义
"例如，三元组模式<?film,director,Tim_burton>可以用来查询“蒂姆·伯顿执导的电影有哪些？”同样，类似于RDF三元组可以组成RDF图的道理，由多个SPARQL三元组模式组成的集合称作基本图模式（Basic_Graph_Pattern,BGP），基本图模式可以用来表示更为明确、复杂的查询需求。",Basic_Graph_Pattern,知识表示,object,由组成,SPARQL三元组模式,知识表示
"例如，三元组模式<?film,director,Tim_burton>可以用来查询“蒂姆·伯顿执导的电影有哪些？”同样，类似于RDF三元组可以组成RDF图的道理，由多个SPARQL三元组模式组成的集合称作基本图模式（Basic_Graph_Pattern,BGP），基本图模式可以用来表示更为明确、复杂的查询需求。",BGP,知识表示,data,被定义为,"由多个SPARQL三元组模式组成的集合称作基本图模式（Basic_Graph_Pattern,BGP）",定义
"例如，三元组模式<?film,director,Tim_burton>可以用来查询“蒂姆·伯顿执导的电影有哪些？”同样，类似于RDF三元组可以组成RDF图的道理，由多个SPARQL三元组模式组成的集合称作基本图模式（Basic_Graph_Pattern,BGP），基本图模式可以用来表示更为明确、复杂的查询需求。",BGP,知识表示,object,由组成,SPARQL三元组模式,知识表示
"例如，三元组模式<?film,director,Tim_burton>可以用来查询“蒂姆·伯顿执导的电影有哪些？”同样，类似于RDF三元组可以组成RDF图的道理，由多个SPARQL三元组模式组成的集合称作基本图模式（Basic_Graph_Pattern,BGP），基本图模式可以用来表示更为明确、复杂的查询需求。",三元组模式,知识表示,data,内容,可以用来查询“蒂姆·伯顿执导的电影有哪些？”,描述
"例如，三元组模式<?film,director,Tim_burton>可以用来查询“蒂姆·伯顿执导的电影有哪些？”同样，类似于RDF三元组可以组成RDF图的道理，由多个SPARQL三元组模式组成的集合称作基本图模式（Basic_Graph_Pattern,BGP），基本图模式可以用来表示更为明确、复杂的查询需求。",RDF三元组,知识表示,object,包含,RDF图,知识表示
"例如，三元组模式<?film,director,Tim_burton>可以用来查询“蒂姆·伯顿执导的电影有哪些？”同样，类似于RDF三元组可以组成RDF图的道理，由多个SPARQL三元组模式组成的集合称作基本图模式（Basic_Graph_Pattern,BGP），基本图模式可以用来表示更为明确、复杂的查询需求。",RDF图,知识表示,object,由组成,RDF三元组,知识表示
除此之外，SPARQL查询还定义了多个基本图模式之间进行的运算操作，以及基本图模式与RDF图匹配完成后的结果过滤操作（Filter_Operator），如可以用？date大于1990（?date>1990）对前面一个查询例子中的电影日期进行限制。,SPARQL查询,知识表示,data,内容,定义了多个基本图模式之间进行的运算操作，以及基本图模式与RDF图匹配完成后的结果过滤操作（Filter_Operator），如可以用？date大于1990（?date>1990）对前面一个查询例子中的电影日期进行限制,描述
除此之外，SPARQL查询还定义了多个基本图模式之间进行的运算操作，以及基本图模式与RDF图匹配完成后的结果过滤操作（Filter_Operator），如可以用？date大于1990（?date>1990）对前面一个查询例子中的电影日期进行限制。,SPARQL查询,知识表示,object,包含,基本图模式,知识表示
除此之外，SPARQL查询还定义了多个基本图模式之间进行的运算操作，以及基本图模式与RDF图匹配完成后的结果过滤操作（Filter_Operator），如可以用？date大于1990（?date>1990）对前面一个查询例子中的电影日期进行限制。,SPARQL查询,知识表示,object,包含,Filter_Operator,知识表示
除此之外，SPARQL查询还定义了多个基本图模式之间进行的运算操作，以及基本图模式与RDF图匹配完成后的结果过滤操作（Filter_Operator），如可以用？date大于1990（?date>1990）对前面一个查询例子中的电影日期进行限制。,基本图模式,知识表示,data,内容,与RDF图匹配完成后的结果过滤操作（Filter_Operator），如可以用？date大于1990（?date>1990）对前面一个查询例子中的电影日期进行限制,描述
除此之外，SPARQL查询还定义了多个基本图模式之间进行的运算操作，以及基本图模式与RDF图匹配完成后的结果过滤操作（Filter_Operator），如可以用？date大于1990（?date>1990）对前面一个查询例子中的电影日期进行限制。,Filter_Operator,知识表示,data,作用,可以用？date大于1990（?date>1990）对前面一个查询例子中的电影日期进行限制,描述
最后，在SPARQL1.1版本中，还增加了联合查询功能，即支持通过FROM和嵌套查询的方式，进>行多个数据源联合查询。,SPARQL1.1,知识表示,data,内容,增加了联合查询功能，即支持通过FROM和嵌套查询的方式，进行多个数据源联合查询,描述
最后，在SPARQL1.1版本中，还增加了联合查询功能，即支持通过FROM和嵌套查询的方式，进>行多个数据源联合查询。,SPARQL1.1,知识表示,object,包含,联合查询功能,知识推理
最后，在SPARQL1.1版本中，还增加了联合查询功能，即支持通过FROM和嵌套查询的方式，进>行多个数据源联合查询。,联合查询功能,知识推理,data,方法,通过FROM和嵌套查询的方式，进行多个数据源联合查询,描述
最后，在SPARQL1.1版本中，还增加了联合查询功能，即支持通过FROM和嵌套查询的方式，进>行多个数据源联合查询。,联合查询功能,知识推理,object,包含,FROM,知识表示
最后，在SPARQL1.1版本中，还增加了联合查询功能，即支持通过FROM和嵌套查询的方式，进>行多个数据源联合查询。,联合查询功能,知识推理,object,包含,嵌套查询,知识推理
最后，在SPARQL1.1版本中，还增加了联合查询功能，即支持通过FROM和嵌套查询的方式，进>行多个数据源联合查询。,联合查询功能,知识推理,object,包含,数据源联合查询,知识融合
最后，在SPARQL1.1版本中，还增加了联合查询功能，即支持通过FROM和嵌套查询的方式，进>行多个数据源联合查询。,嵌套查询,知识推理,data,方法,通过FROM和嵌套查询的方式，进行多个数据源联合查询,描述
最后，在SPARQL1.1版本中，还增加了联合查询功能，即支持通过FROM和嵌套查询的方式，进>行多个数据源联合查询。,数据源联合查询,知识融合,data,方法,通过FROM和嵌套查询的方式，进行多个数据源联合查询,描述
为了便于读者更好地理解SPARQL查询、三元组模式、SPARQL基本图模式以及约束条件，图7-2展示了一个有关电影信息的知识图谱和SPARQL样例。,SPARQL查询,知识表示,data,内容,有关电影信息的知识图谱和SPARQL样例,描述
为了便于读者更好地理解SPARQL查询、三元组模式、SPARQL基本图模式以及约束条件，图7-2展示了一个有关电影信息的知识图谱和SPARQL样例。,三元组模式,知识表示,data,内容,有关电影信息的知识图谱和SPARQL样例,描述
为了便于读者更好地理解SPARQL查询、三元组模式、SPARQL基本图模式以及约束条件，图7-2展示了一个有关电影信息的知识图谱和SPARQL样例。,SPARQL基本图模式,知识表示,data,内容,有关电影信息的知识图谱和SPARQL样例,描述
为了便于读者更好地理解SPARQL查询、三元组模式、SPARQL基本图模式以及约束条件，图7-2展示了一个有关电影信息的知识图谱和SPARQL样例。,约束条件,知识表示,data,内容,有关电影信息的知识图谱和SPARQL样例,描述
图7-2有关电影信息的知识图谱和SPARQL样例SPARQL查询包括查询、插入和删除操作。,SPARQL查询,语义搜索,data,内容,查询、插入和删除操作,语义搜索
下面将以图7-2中的样例知识图谱和对应的SPARQL查询实例，分别介绍如何使用SPARQL对知识图谱进行数据查询、数据插入以及数据删除操作。,SPARQL查询,语义搜索,data,内容,使用SPARQL对知识图谱进行数据查询、数据插入以及数据删除操作,操作描述
7.2.1数据查询SPARQL官方标准定义了四种最终返回给用户查询结果的形式，代表着四种基本的查询功能，即SELECT、ASK、CONSTRUCT和DESCRIBE。,SPARQL,知识图谱,data,被定义为,官方标准定义了四种最终返回给用户查询结果的形式，代表着四种基本的查询功能，即SELECT、ASK、CONSTRUCT和DESCRIBE,描述
7.2.1数据查询SPARQL官方标准定义了四种最终返回给用户查询结果的形式，代表着四种基本的查询功能，即SELECT、ASK、CONSTRUCT和DESCRIBE。,SPARQL,知识图谱,object,包含,SELECT,语义搜索
7.2.1数据查询SPARQL官方标准定义了四种最终返回给用户查询结果的形式，代表着四种基本的查询功能，即SELECT、ASK、CONSTRUCT和DESCRIBE。,SPARQL,知识图谱,object,包含,ASK,语义搜索
7.2.1数据查询SPARQL官方标准定义了四种最终返回给用户查询结果的形式，代表着四种基本的查询功能，即SELECT、ASK、CONSTRUCT和DESCRIBE。,SPARQL,知识图谱,object,包含,CONSTRUCT,语义搜索
7.2.1数据查询SPARQL官方标准定义了四种最终返回给用户查询结果的形式，代表着四种基本的查询功能，即SELECT、ASK、CONSTRUCT和DESCRIBE。,SPARQL,知识图谱,object,包含,DESCRIBE,语义搜索
7.2.1数据查询SPARQL官方标准定义了四种最终返回给用户查询结果的形式，代表着四种基本的查询功能，即SELECT、ASK、CONSTRUCT和DESCRIBE。,数据查询,语义搜索,data,内容,四种最终返回给用户查询结果的形式，代表着四种基本的查询功能，即SELECT、ASK、CONSTRUCT和DESCRIBE,描述
7.2.1数据查询SPARQL官方标准定义了四种最终返回给用户查询结果的形式，代表着四种基本的查询功能，即SELECT、ASK、CONSTRUCT和DESCRIBE。,SELECT,语义搜索,object,实例,SPARQL,知识图谱
7.2.1数据查询SPARQL官方标准定义了四种最终返回给用户查询结果的形式，代表着四种基本的查询功能，即SELECT、ASK、CONSTRUCT和DESCRIBE。,ASK,语义搜索,object,实例,SPARQL,知识图谱
7.2.1数据查询SPARQL官方标准定义了四种最终返回给用户查询结果的形式，代表着四种基本的查询功能，即SELECT、ASK、CONSTRUCT和DESCRIBE。,CONSTRUCT,语义搜索,object,实例,SPARQL,知识图谱
7.2.1数据查询SPARQL官方标准定义了四种最终返回给用户查询结果的形式，代表着四种基本的查询功能，即SELECT、ASK、CONSTRUCT和DESCRIBE。,DESCRIBE,语义搜索,object,实例,SPARQL,知识图谱
其中，SELECT是唯一可以返回知识图谱中图模式匹配具体结果给用户的形式，也是最常用的查询语句；ASK查询语句主要用于测试知识图谱中是否存在满足给定查询约束条件的数据，结果以Yes或No的形式返回，除此之外没有额外的信息返回；CONSTRUCT查询语句主要用于将图模式匹配结果生成新的RDF图；DESCRIBE查询语句用于查询与指定IRI相关的数据，注意和SELECT有区别。,SELECT查询语句,语义搜索,data,内容,唯一可以返回知识图谱中图模式匹配具体结果给用户的形式，也是最常用的查询语句,描述
其中，SELECT是唯一可以返回知识图谱中图模式匹配具体结果给用户的形式，也是最常用的查询语句；ASK查询语句主要用于测试知识图谱中是否存在满足给定查询约束条件的数据，结果以Yes或No的形式返回，除此之外没有额外的信息返回；CONSTRUCT查询语句主要用于将图模式匹配结果生成新的RDF图；DESCRIBE查询语句用于查询与指定IRI相关的数据，注意和SELECT有区别。,SELECT查询语句,语义搜索,data,目标,返回知识图谱中图模式匹配具体结果给用户,功能描述
其中，SELECT是唯一可以返回知识图谱中图模式匹配具体结果给用户的形式，也是最常用的查询语句；ASK查询语句主要用于测试知识图谱中是否存在满足给定查询约束条件的数据，结果以Yes或No的形式返回，除此之外没有额外的信息返回；CONSTRUCT查询语句主要用于将图模式匹配结果生成新的RDF图；DESCRIBE查询语句用于查询与指定IRI相关的数据，注意和SELECT有区别。,ASK查询语句,语义搜索,data,作用,测试知识图谱中是否存在满足给定查询约束条件的数据，结果以Yes或No的形式返回，除此之外没有额外的信息返回,功能描述
其中，SELECT是唯一可以返回知识图谱中图模式匹配具体结果给用户的形式，也是最常用的查询语句；ASK查询语句主要用于测试知识图谱中是否存在满足给定查询约束条件的数据，结果以Yes或No的形式返回，除此之外没有额外的信息返回；CONSTRUCT查询语句主要用于将图模式匹配结果生成新的RDF图；DESCRIBE查询语句用于查询与指定IRI相关的数据，注意和SELECT有区别。,ASK查询语句,语义搜索,data,特点,主要用于测试知识图谱中是否存在满足给定查询约束条件的数据，结果以Yes或No的形式返回，除此之外没有额外的信息返回,描述
其中，SELECT是唯一可以返回知识图谱中图模式匹配具体结果给用户的形式，也是最常用的查询语句；ASK查询语句主要用于测试知识图谱中是否存在满足给定查询约束条件的数据，结果以Yes或No的形式返回，除此之外没有额外的信息返回；CONSTRUCT查询语句主要用于将图模式匹配结果生成新的RDF图；DESCRIBE查询语句用于查询与指定IRI相关的数据，注意和SELECT有区别。,CONSTRUCT查询语句,语义搜索,data,作用,将图模式匹配结果生成新的RDF图,功能描述
其中，SELECT是唯一可以返回知识图谱中图模式匹配具体结果给用户的形式，也是最常用的查询语句；ASK查询语句主要用于测试知识图谱中是否存在满足给定查询约束条件的数据，结果以Yes或No的形式返回，除此之外没有额外的信息返回；CONSTRUCT查询语句主要用于将图模式匹配结果生成新的RDF图；DESCRIBE查询语句用于查询与指定IRI相关的数据，注意和SELECT有区别。,DESCRIBE查询语句,语义搜索,data,内容,用于查询与指定IRI相关的数据，注意和SELECT有区别,描述
其中，SELECT是唯一可以返回知识图谱中图模式匹配具体结果给用户的形式，也是最常用的查询语句；ASK查询语句主要用于测试知识图谱中是否存在满足给定查询约束条件的数据，结果以Yes或No的形式返回，除此之外没有额外的信息返回；CONSTRUCT查询语句主要用于将图模式匹配结果生成新的RDF图；DESCRIBE查询语句用于查询与指定IRI相关的数据，注意和SELECT有区别。,DESCRIBE查询语句,语义搜索,data,目标,查询与指定IRI相关的数据,功能描述
“FROM”指明了数据源，在通常情况下，在单个知识图谱中查询时，默认不指明数据集的名称，即可以省略SPARQL查询中的FROM字段（后续其他形式的查询语句介绍中将不再提及FROM部分）。,SPARQL查询,语义搜索,data,语法,默认不指明数据集的名称，即可以省略SPARQL查询中的FROM字段,描述
“CONSTRUCT”后面的“图模板”类似于基本图模式，指明了生成的RDF应该具有的基本三元组内容。,图模板,知识表示,data,语法,类似于基本图模式，指明了生成的RDF应该具有的基本三元组内容,描述
“CONSTRUCT”后面的“图模板”类似于基本图模式，指明了生成的RDF应该具有的基本三元组内容。,图模板,知识表示,object,包含,三元组,知识表示
CONSTRUCT查询的基本流程为：首先执行“WHERE”语句进行图模式匹配，从知识图谱中抽取满足条件的目标变量；随后，针对每一个目标变量，替换图模板中的对应变量，生成最终的如，在图7-2中的知识图谱上运行如下CONSTRUCT查询语句：RDF图。,CONSTRUCT查询,知识抽取,data,方法,首先执行“WHERE”语句进行图模式匹配，从知识图谱中抽取满足条件的目标变量；随后，针对每一个目标变量，替换图模板中的对应变量，生成最终的如，在图7-2中的知识图谱上运行如下CONSTRUCT查询语句：RDF图,流程描述
例如，想要在图7-2的知识图谱中获取所有和“Tim_Burton”相关的信息，可以运行如下的DESCRIBE查询语句：对应的结果为：7.2.2数据插入SPARQL支持通过INSERTDATA语句，将新的RDF三元组插入已有的RDF图中。,SPARQL,语义搜索,data,语法,支持通过INSERT DATA语句，将新的RDF三元组插入已有的RDF图中,描述
在INSERT_DATA后面可以是单条三元组，也可以是多条三元组构成的RDF图。,三元组,知识表示,data,内容,单条三元组,描述
在INSERT_DATA后面可以是单条三元组，也可以是多条三元组构成的RDF图。,RDF图,知识表示,data,内容,多条三元组构成的RDF图,描述
在INSERT_DATA后面可以是单条三元组，也可以是多条三元组构成的RDF图。,INSERT_DATA,操作指令,data,语法,后面可以是单条三元组，也可以是多条三元组构成的RDF图,描述
在INSERT_DATA后面可以是单条三元组，也可以是多条三元组构成的RDF图。,INSERT_DATA,知识操作,object,包含,RDF图,知识表示
对应的查询语句为：7.2.3数据删除SPARQL的删除语句支持通过DELETE_DATA语句将RDF图中已有的某些三元组删除。,SPARQL,知识表示,data,语法,删除语句支持通过DELETE_DATA语句将RDF图中已有的某些三元组删除,描述
对应的查询语句为：7.2.3数据删除SPARQL的删除语句支持通过DELETE_DATA语句将RDF图中已有的某些三元组删除。,RDF图,知识表示,data,内容,已有的某些三元组,描述
对应的查询语句为：7.2.3数据删除SPARQL的删除语句支持通过DELETE_DATA语句将RDF图中已有的某些三元组删除。,三元组,知识表示,data,内容,已有的某些,描述
与插入语句类似，在DELETE_DATA后可以是单条三元组，也可以是多条三元组构成的RDF图。,DELETE_DATA,知识抽取,data,内容,单条三元组，也可以是多条三元组构成的RDF图,描述
与插入语句类似，在DELETE_DATA后可以是单条三元组，也可以是多条三元组构成的RDF图。,DELETE_DATA,知识抽取,object,包含,RDF图,知识表示
此外，在SPARQL1.1版本中增加了联合查询、简单蕴涵推理等内容，感兴趣的读者可以查阅相关标准规范。,SPARQL1.1,知识图谱,data,内容,联合查询、简单蕴涵推理,语义搜索、知识推理
7.3语义数据搜索目前，得益于W3C完成RDF语言和协议的标准化，互联网上的不同RDF数据能够以RDF链接的形式链接在一起，形成一个完整的语义链接数据网络，也称作数据Web。,语义链接数据网络,知识图谱,data,被定义为,数据Web,知识图谱
7.3语义数据搜索目前，得益于W3C完成RDF语言和协议的标准化，互联网上的不同RDF数据能够以RDF链接的形式链接在一起，形成一个完整的语义链接数据网络，也称作数据Web。,语义链接数据网络,知识图谱,data,内容,形成一个完整的语义链接数据网络,描述
7.3语义数据搜索目前，得益于W3C完成RDF语言和协议的标准化，互联网上的不同RDF数据能够以RDF链接的形式链接在一起，形成一个完整的语义链接数据网络，也称作数据Web。,语义数据搜索,语义搜索,data,内容,得益于W3C完成RDF语言和协议的标准化，互联网上的不同RDF数据能够以RDF链接的形式链接在一起，形成一个完整的语义链接数据网络，也称作数据Web。,描述
7.3语义数据搜索目前，得益于W3C完成RDF语言和协议的标准化，互联网上的不同RDF数据能够以RDF链接的形式链接在一起，形成一个完整的语义链接数据网络，也称作数据Web。,RDF语言,知识表示,data,内容,W3C完成RDF语言和协议的标准化,描述
7.3语义数据搜索目前，得益于W3C完成RDF语言和协议的标准化，互联网上的不同RDF数据能够以RDF链接的形式链接在一起，形成一个完整的语义链接数据网络，也称作数据Web。,RDF数据,知识表示,data,内容,互联网上的不同RDF数据能够以RDF链接的形式链接在一起,描述
7.3语义数据搜索目前，得益于W3C完成RDF语言和协议的标准化，互联网上的不同RDF数据能够以RDF链接的形式链接在一起，形成一个完整的语义链接数据网络，也称作数据Web。,RDF数据,知识表示,data,链接,形成一个完整的语义链接数据网络,知识图谱
7.3语义数据搜索目前，得益于W3C完成RDF语言和协议的标准化，互联网上的不同RDF数据能够以RDF链接的形式链接在一起，形成一个完整的语义链接数据网络，也称作数据Web。,RDF链接,链接,data,内容,互联网上的不同RDF数据能够以RDF链接的形式链接在一起,描述
7.3语义数据搜索目前，得益于W3C完成RDF语言和协议的标准化，互联网上的不同RDF数据能够以RDF链接的形式链接在一起，形成一个完整的语义链接数据网络，也称作数据Web。,数据Web,知识图谱,data,内容,也称作数据Web,描述
图7-4基于链接数据的语义搜索然而，有效地对整个数据Web进行精准的语义搜索还面临如下挑战：●可扩展性。,语义搜索,语义搜索,data,缺点,有效地对整个数据Web进行精准的语义搜索还面临如下挑战：●可扩展性,描述
如图7-5所示，主要包括：如何进一步整合数据源（补充RDF链接）；如何从不同的数据源中找到与查询相关的数据；如何合并来自不同数据源的查询结果。,数据源整合,知识融合,data,内容,如何进一步整合数据源（补充RDF链接）,描述
如图7-5所示，主要包括：如何进一步整合数据源（补充RDF链接）；如何从不同的数据源中找到与查询相关的数据；如何合并来自不同数据源的查询结果。,数据源整合,知识融合,object,包含,RDF链接,链接
如图7-5所示，主要包括：如何进一步整合数据源（补充RDF链接）；如何从不同的数据源中找到与查询相关的数据；如何合并来自不同数据源的查询结果。,查询相关数据,语义搜索,data,内容,如何从不同的数据源中找到与查询相关的数据,描述
如图7-5所示，主要包括：如何进一步整合数据源（补充RDF链接）；如何从不同的数据源中找到与查询相关的数据；如何合并来自不同数据源的查询结果。,查询结果合并,知识融合,data,内容,如何合并来自不同数据源的查询结果,描述
图7-5多源知识图谱的异构性●不确定性。,多源知识图谱,知识图谱,data,特点,异构性,知识表示
图7-5多源知识图谱的异构性●不确定性。,多源知识图谱,知识图谱,data,特点,不确定性,知识表示
图7-5多源知识图谱的异构性●不确定性。,多源知识图谱,知识图谱,data,缺点,异构性,知识表示
图7-5多源知识图谱的异构性●不确定性。,多源知识图谱,知识图谱,data,缺点,不确定性,知识表示
这就要求语义搜索系统支持以不精确的方式匹配需求和数据，并对结果进行排序，能够足够灵活以应对条件的变化。,语义搜索系统,语义搜索,data,特点,支持以不精确的方式匹配需求和数据，并对结果进行排序，能够足够灵活以应对条件的变化,描述
当前，链接数据比较成熟的语义搜索主要包括：面向本体的搜索引擎，如Swoogle[8]、Watson[9]；面向实体的搜索引擎，如Sigma_on_Sindice[10]、FalconS[11]；以及面向细粒度数据Web的搜索引擎，如SWSE[12]、Hermes（SearchWebDB）[13]。,语义搜索,语义搜索,object,包含,面向细粒度数据Web的搜索引擎,语义搜索
当前，链接数据比较成熟的语义搜索主要包括：面向本体的搜索引擎，如Swoogle[8]、Watson[9]；面向实体的搜索引擎，如Sigma_on_Sindice[10]、FalconS[11]；以及面向细粒度数据Web的搜索引擎，如SWSE[12]、Hermes（SearchWebDB）[13]。,Swoogle,语义搜索,object,实例,面向本体的搜索引擎,语义搜索
当前，链接数据比较成熟的语义搜索主要包括：面向本体的搜索引擎，如Swoogle[8]、Watson[9]；面向实体的搜索引擎，如Sigma_on_Sindice[10]、FalconS[11]；以及面向细粒度数据Web的搜索引擎，如SWSE[12]、Hermes（SearchWebDB）[13]。,Watson,语义搜索,object,实例,面向本体的搜索引擎,语义搜索
当前，链接数据比较成熟的语义搜索主要包括：面向本体的搜索引擎，如Swoogle[8]、Watson[9]；面向实体的搜索引擎，如Sigma_on_Sindice[10]、FalconS[11]；以及面向细粒度数据Web的搜索引擎，如SWSE[12]、Hermes（SearchWebDB）[13]。,Sigma_on_Sindice,语义搜索,object,实例,面向实体的搜索引擎,语义搜索
当前，链接数据比较成熟的语义搜索主要包括：面向本体的搜索引擎，如Swoogle[8]、Watson[9]；面向实体的搜索引擎，如Sigma_on_Sindice[10]、FalconS[11]；以及面向细粒度数据Web的搜索引擎，如SWSE[12]、Hermes（SearchWebDB）[13]。,FalconS,语义搜索,object,实例,面向实体的搜索引擎,语义搜索
当前，链接数据比较成熟的语义搜索主要包括：面向本体的搜索引擎，如Swoogle[8]、Watson[9]；面向实体的搜索引擎，如Sigma_on_Sindice[10]、FalconS[11]；以及面向细粒度数据Web的搜索引擎，如SWSE[12]、Hermes（SearchWebDB）[13]。,SWSE,语义搜索,object,实例,面向细粒度数据Web的搜索引擎,语义搜索
当前，链接数据比较成熟的语义搜索主要包括：面向本体的搜索引擎，如Swoogle[8]、Watson[9]；面向实体的搜索引擎，如Sigma_on_Sindice[10]、FalconS[11]；以及面向细粒度数据Web的搜索引擎，如SWSE[12]、Hermes（SearchWebDB）[13]。,Hermes（SearchWebDB）,语义搜索,object,实例,面向细粒度数据Web的搜索引擎,语义搜索
这些搜索引擎的基本组成都包括三元组存储、索引构建、查询处理及排序等，具体内容如下：1.三元组存储基于IR的存储方式，即单一的数据结构和查询算法，针对文本数据进行排序检索来优化。,三元组存储,知识存储,data,被定义为,基于IR的存储方式，即单一的数据结构和查询算法，针对文本数据进行排序检索来优化,定义描述
这些搜索引擎的基本组成都包括三元组存储、索引构建、查询处理及排序等，具体内容如下：1.三元组存储基于IR的存储方式，即单一的数据结构和查询算法，针对文本数据进行排序检索来优化。,搜索引擎的基本组成,搜索引擎,object,包含,三元组存储,知识存储
这些搜索引擎的基本组成都包括三元组存储、索引构建、查询处理及排序等，具体内容如下：1.三元组存储基于IR的存储方式，即单一的数据结构和查询算法，针对文本数据进行排序检索来优化。,搜索引擎的基本组成,搜索引擎,object,包含,索引构建,知识存储
这些搜索引擎的基本组成都包括三元组存储、索引构建、查询处理及排序等，具体内容如下：1.三元组存储基于IR的存储方式，即单一的数据结构和查询算法，针对文本数据进行排序检索来优化。,搜索引擎的基本组成,搜索引擎,object,包含,查询处理,语义搜索
这些搜索引擎的基本组成都包括三元组存储、索引构建、查询处理及排序等，具体内容如下：1.三元组存储基于IR的存储方式，即单一的数据结构和查询算法，针对文本数据进行排序检索来优化。,搜索引擎的基本组成,搜索引擎,object,包含,排序检索,语义搜索
这些搜索引擎的基本组成都包括三元组存储、索引构建、查询处理及排序等，具体内容如下：1.三元组存储基于IR的存储方式，即单一的数据结构和查询算法，针对文本数据进行排序检索来优化。,搜索引擎,知识系统,object,由组成,三元组存储,知识存储
这些搜索引擎的基本组成都包括三元组存储、索引构建、查询处理及排序等，具体内容如下：1.三元组存储基于IR的存储方式，即单一的数据结构和查询算法，针对文本数据进行排序检索来优化。,搜索引擎,知识系统,object,由组成,索引构建,知识存储
这些搜索引擎的基本组成都包括三元组存储、索引构建、查询处理及排序等，具体内容如下：1.三元组存储基于IR的存储方式，即单一的数据结构和查询算法，针对文本数据进行排序检索来优化。,搜索引擎,知识系统,object,由组成,查询处理,语义搜索
这些搜索引擎的基本组成都包括三元组存储、索引构建、查询处理及排序等，具体内容如下：1.三元组存储基于IR的存储方式，即单一的数据结构和查询算法，针对文本数据进行排序检索来优化。,搜索引擎,知识系统,object,由组成,排序检索,语义搜索
其优点是能够完成复杂的选择、联结等操作，进而支持SPARQL结构化查询，并且能应对高动态场景（许多插入或删除），缺点是空间开销增大和访问有一定的局限性，并且无法集成对检索结果的排序。,SPARQL结构化查询,语义搜索,data,特点,能够完成复杂的选择、联结等操作，能应对高动态场景（许多插入或删除）,描述
其优点是能够完成复杂的选择、联结等操作，进而支持SPARQL结构化查询，并且能应对高动态场景（许多插入或删除），缺点是空间开销增大和访问有一定的局限性，并且无法集成对检索结果的排序。,SPARQL结构化查询,语义搜索,data,缺点,空间开销增大和访问有一定的局限性，并且无法集成对检索结果的排序,描述
原生存储（Native_Stores）即直接以RDF图形式的存储方式。,原生存储,知识存储,data,被定义为,直接以RDF图形式的存储方式,描述
原生存储（Native_Stores）即直接以RDF图形式的存储方式。,原生存储,知识存储,data,英文名,Native_Stores,字符串
原生存储（Native_Stores）即直接以RDF图形式的存储方式。,原生存储,知识存储,object,包含,RDF图,知识表示
2.索引构建目前主要的方式都是重用IR索引来索引RDF语义数据。,索引构建,知识存储,data,方法,重用IR索引来索引RDF语义数据,知识存储
2.索引构建目前主要的方式都是重用IR索引来索引RDF语义数据。,索引构建,知识存储,object,包含,IR索引,知识存储
2.索引构建目前主要的方式都是重用IR索引来索引RDF语义数据。,索引构建,知识存储,object,包含,RDF语义数据,知识表示
而利用IR索引来索引RDF数据的核心思想是将RDF转换成具有fields和terms的虚拟文档，如图7-6所示。,RDF数据,知识表示,data,内容,将RDF转换成具有fields和terms的虚拟文档,描述
而利用IR索引来索引RDF数据的核心思想是将RDF转换成具有fields和terms的虚拟文档，如图7-6所示。,IR索引,语义搜索,data,方法,将RDF转换成具有fields和terms的虚拟文档,技术描述
图7-6基于IR索引的RDF语义数据索引示例值得一提的是，语义Web上的链接数据规模已经非常庞大，不可能对其完全重建索引，需要采用增量索引的方法。,链接数据,链接,data,特点,规模已经非常庞大,描述
图7-6基于IR索引的RDF语义数据索引示例值得一提的是，语义Web上的链接数据规模已经非常庞大，不可能对其完全重建索引，需要采用增量索引的方法。,增量索引,知识存储,data,方法,需要采用增量索引的方法,描述
图7-7不同拓扑结构的查询和其相应时间对于查询结果的排序，通常需要考虑以下原则：●质量传播（Quality_Propagation）。,质量传播,知识推理,data,内容,对于查询结果的排序，通常需要考虑以下原则：●质量传播（Quality_Propagation）,描述信息
图7-8涉及多数源的查询及答案针对多数据源的情况，前提是对分布在不同数据源的数据进行融合，进而查询及处理，在多数据源、多存储的场景下进行语义数据搜索。,多数据源,知识存储,data,内容,分布在不同数据源的数据进行融合，进而查询及处理，在多数据源、多存储的场景下进行语义数据搜索,描述
图7-8涉及多数源的查询及答案针对多数据源的情况，前提是对分布在不同数据源的数据进行融合，进而查询及处理，在多数据源、多存储的场景下进行语义数据搜索。,数据融合,知识融合,data,内容,分布在不同数据源的数据进行融合，进而查询及处理,描述
图7-8涉及多数源的查询及答案针对多数据源的情况，前提是对分布在不同数据源的数据进行融合，进而查询及处理，在多数据源、多存储的场景下进行语义数据搜索。,语义数据搜索,语义搜索,data,作用,在多数据源、多存储的场景下进行语义数据搜索,描述
图7-8涉及多数源的查询及答案针对多数据源的情况，前提是对分布在不同数据源的数据进行融合，进而查询及处理，在多数据源、多存储的场景下进行语义数据搜索。,语义数据搜索,语义搜索,object,前提,数据融合,知识融合
Hermes系统[13]就是一个典型的多数据源语义数据搜索框架，如图7-9所示，包括数据源融合，用户意图理解以及搜索和优化。,Hermes系统,知识图谱项目,data,内容,数据源融合，用户意图理解以及搜索和优化,语义搜索
Hermes系统[13]就是一个典型的多数据源语义数据搜索框架，如图7-9所示，包括数据源融合，用户意图理解以及搜索和优化。,Hermes系统,知识图谱项目,data,特点,典型的多数据源语义数据搜索框架,语义搜索
Hermes系统[13]就是一个典型的多数据源语义数据搜索框架，如图7-9所示，包括数据源融合，用户意图理解以及搜索和优化。,Hermes系统,知识图谱项目,data,方法,多数据源语义数据搜索框架,语义搜索
Hermes系统[13]就是一个典型的多数据源语义数据搜索框架，如图7-9所示，包括数据源融合，用户意图理解以及搜索和优化。,Hermes系统,知识图谱项目,data,方法,数据源融合,知识融合
Hermes系统[13]就是一个典型的多数据源语义数据搜索框架，如图7-9所示，包括数据源融合，用户意图理解以及搜索和优化。,Hermes系统,知识图谱项目,data,方法,用户意图理解,语义搜索
Hermes系统[13]就是一个典型的多数据源语义数据搜索框架，如图7-9所示，包括数据源融合，用户意图理解以及搜索和优化。,Hermes系统,知识图谱项目,data,方法,搜索和优化,语义搜索
Hermes系统[13]就是一个典型的多数据源语义数据搜索框架，如图7-9所示，包括数据源融合，用户意图理解以及搜索和优化。,Hermes系统,知识图谱项目,object,由组成,数据源融合,知识融合
Hermes系统[13]就是一个典型的多数据源语义数据搜索框架，如图7-9所示，包括数据源融合，用户意图理解以及搜索和优化。,Hermes系统,知识图谱项目,object,由组成,用户意图理解,语义搜索
Hermes系统[13]就是一个典型的多数据源语义数据搜索框架，如图7-9所示，包括数据源融合，用户意图理解以及搜索和优化。,Hermes系统,知识图谱项目,object,由组成,搜索和优化,语义搜索
Hermes系统[13]就是一个典型的多数据源语义数据搜索框架，如图7-9所示，包括数据源融合，用户意图理解以及搜索和优化。,多数据源语义数据搜索框架,语义搜索,data,内容,数据源融合，用户意图理解以及搜索和优化,语义搜索
图7-9Hermes多数据源语义数据搜索框架语义数据搜索有多种研究原型，既可以直接应用IR技术以增强原有搜索系统的扩展性，也可以直接设计支持处理复杂查询的语义搜索系统，但是数据质量依然是一个问题，如何针对多数据源进行高质量的映射、理解用户的查询意图以及集成IR和DB排序以处理复杂查询，是未来设计语义数据搜索的关键。,语义数据搜索,语义搜索,data,内容,可以直接应用IR技术以增强原有搜索系统的扩展性，也可以直接设计支持处理复杂查询的语义搜索系统,描述
图7-9Hermes多数据源语义数据搜索框架语义数据搜索有多种研究原型，既可以直接应用IR技术以增强原有搜索系统的扩展性，也可以直接设计支持处理复杂查询的语义搜索系统，但是数据质量依然是一个问题，如何针对多数据源进行高质量的映射、理解用户的查询意图以及集成IR和DB排序以处理复杂查询，是未来设计语义数据搜索的关键。,语义数据搜索,语义搜索,data,方法,直接应用IR技术以增强原有搜索系统的扩展性,语义搜索
图7-9Hermes多数据源语义数据搜索框架语义数据搜索有多种研究原型，既可以直接应用IR技术以增强原有搜索系统的扩展性，也可以直接设计支持处理复杂查询的语义搜索系统，但是数据质量依然是一个问题，如何针对多数据源进行高质量的映射、理解用户的查询意图以及集成IR和DB排序以处理复杂查询，是未来设计语义数据搜索的关键。,语义数据搜索,语义搜索,data,方法,直接设计支持处理复杂查询的语义搜索系统,语义搜索
图7-9Hermes多数据源语义数据搜索框架语义数据搜索有多种研究原型，既可以直接应用IR技术以增强原有搜索系统的扩展性，也可以直接设计支持处理复杂查询的语义搜索系统，但是数据质量依然是一个问题，如何针对多数据源进行高质量的映射、理解用户的查询意图以及集成IR和DB排序以处理复杂查询，是未来设计语义数据搜索的关键。,语义数据搜索,语义搜索,data,缺点,数据质量依然是一个问题，如何针对多数据源进行高质量的映射、理解用户的查询意图以及集成IR和DB排序以处理复杂查询,问题描述
7.4语义搜索的交互范式理解用户的查询意图在于将用户的查询输入构建成结构化的查询语言SPARQL，或者让用户直接提出结构化的查询，然而这种方式需要用户具备以下基本能力：熟悉知识图谱数据源，熟悉知识图谱的数据模式，了解知识图谱中数据大致包含哪些内容，熟练掌握结构化的查询语言。,语义搜索,语义搜索,data,内容,理解用户的查询意图在于将用户的查询输入构建成结构化的查询语言SPARQL，或者让用户直接提出结构化的查询，然而这种方式需要用户具备以下基本能力：熟悉知识图谱数据源，熟悉知识图谱的数据模式，了解知识图谱中数据大致包含哪些内容，熟练掌握结构化的查询语言。,描述
7.4语义搜索的交互范式理解用户的查询意图在于将用户的查询输入构建成结构化的查询语言SPARQL，或者让用户直接提出结构化的查询，然而这种方式需要用户具备以下基本能力：熟悉知识图谱数据源，熟悉知识图谱的数据模式，了解知识图谱中数据大致包含哪些内容，熟练掌握结构化的查询语言。,语义搜索,语义搜索,object,前提,知识图谱数据源,知识图谱
7.4语义搜索的交互范式理解用户的查询意图在于将用户的查询输入构建成结构化的查询语言SPARQL，或者让用户直接提出结构化的查询，然而这种方式需要用户具备以下基本能力：熟悉知识图谱数据源，熟悉知识图谱的数据模式，了解知识图谱中数据大致包含哪些内容，熟练掌握结构化的查询语言。,语义搜索,语义搜索,object,前提,知识图谱的数据模式,知识图谱
7.4语义搜索的交互范式理解用户的查询意图在于将用户的查询输入构建成结构化的查询语言SPARQL，或者让用户直接提出结构化的查询，然而这种方式需要用户具备以下基本能力：熟悉知识图谱数据源，熟悉知识图谱的数据模式，了解知识图谱中数据大致包含哪些内容，熟练掌握结构化的查询语言。,语义搜索,语义搜索,object,前提,结构化的查询语言,知识表示
7.4语义搜索的交互范式理解用户的查询意图在于将用户的查询输入构建成结构化的查询语言SPARQL，或者让用户直接提出结构化的查询，然而这种方式需要用户具备以下基本能力：熟悉知识图谱数据源，熟悉知识图谱的数据模式，了解知识图谱中数据大致包含哪些内容，熟练掌握结构化的查询语言。,结构化的查询语言,知识表示,object,包含,SPARQL,知识表示
7.4语义搜索的交互范式理解用户的查询意图在于将用户的查询输入构建成结构化的查询语言SPARQL，或者让用户直接提出结构化的查询，然而这种方式需要用户具备以下基本能力：熟悉知识图谱数据源，熟悉知识图谱的数据模式，了解知识图谱中数据大致包含哪些内容，熟练掌握结构化的查询语言。,知识图谱,知识图谱,object,包含,知识图谱数据源,知识图谱
7.4语义搜索的交互范式理解用户的查询意图在于将用户的查询输入构建成结构化的查询语言SPARQL，或者让用户直接提出结构化的查询，然而这种方式需要用户具备以下基本能力：熟悉知识图谱数据源，熟悉知识图谱的数据模式，了解知识图谱中数据大致包含哪些内容，熟练掌握结构化的查询语言。,知识图谱,知识图谱,object,包含,知识图谱的数据模式,知识图谱
然而，大部分的情形是普通用户往往不具备以上的能力，即使是知识图谱的专家或开发者，也很难完全熟悉每一个图谱的模式和内容。,知识图谱,知识图谱,data,缺点,即使是知识图谱的专家或开发者，也很难完全熟悉每一个图谱的模式和内容,描述
然而，大部分的情形是普通用户往往不具备以上的能力，即使是知识图谱的专家或开发者，也很难完全熟悉每一个图谱的模式和内容。,图谱的模式,知识表示,data,缺点,即使是知识图谱的专家或开发者，也很难完全熟悉每一个图谱的模式和内容,描述
所以，知识图谱的有效语义搜索需要一种简单高效的搜索范式，即允许用户以直观的、透明的、易用的方式对数据进行查询和浏览[13]。,语义搜索,语义搜索,data,内容,允许用户以直观的、透明的、易用的方式对数据进行查询和浏览,描述
所以，知识图谱的有效语义搜索需要一种简单高效的搜索范式，即允许用户以直观的、透明的、易用的方式对数据进行查询和浏览[13]。,搜索范式,语义搜索,data,内容,允许用户以直观的、透明的、易用的方式对数据进行查询和浏览,描述
目前，最先进的语义搜索系统会结合一系列技术，从基于统计的IR排序方法、有效索引和查询处理的数据库方法到推理的复杂推理技术。,语义搜索系统,语义搜索,data,内容,基于统计的IR排序方法、有效索引和查询处理的数据库方法到推理的复杂推理技术,技术
目前，最先进的语义搜索系统会结合一系列技术，从基于统计的IR排序方法、有效索引和查询处理的数据库方法到推理的复杂推理技术。,语义搜索系统,语义搜索,data,方法,基于统计的IR排序方法,语义搜索
目前，最先进的语义搜索系统会结合一系列技术，从基于统计的IR排序方法、有效索引和查询处理的数据库方法到推理的复杂推理技术。,语义搜索系统,语义搜索,data,方法,有效索引,知识存储
目前，最先进的语义搜索系统会结合一系列技术，从基于统计的IR排序方法、有效索引和查询处理的数据库方法到推理的复杂推理技术。,语义搜索系统,语义搜索,data,方法,查询处理,知识推理
目前，最先进的语义搜索系统会结合一系列技术，从基于统计的IR排序方法、有效索引和查询处理的数据库方法到推理的复杂推理技术。,语义搜索系统,语义搜索,data,方法,数据库方法,知识存储
目前，最先进的语义搜索系统会结合一系列技术，从基于统计的IR排序方法、有效索引和查询处理的数据库方法到推理的复杂推理技术。,语义搜索系统,语义搜索,data,方法,复杂推理技术,知识推理
在设计相应的交互范式和语义搜索系统时，需要明白语义搜索的核心在于能够支持表现形式丰富的信息需求，即查询的表达能力至关重要。,语义搜索,语义搜索,data,特点,能够支持表现形式丰富的信息需求,描述
在设计相应的交互范式和语义搜索系统时，需要明白语义搜索的核心在于能够支持表现形式丰富的信息需求，即查询的表达能力至关重要。,查询的表达能力,语义搜索,data,特点,至关重要,描述
7.4.1基于关键词的知识图谱语义搜索方法近年来，各大商业搜索引擎的成功表明用户使用关键字进行搜索非常舒适，这是由于关键词能够直观地表达信息需求[16]。,语义搜索,语义搜索,data,方法,基于关键词的知识图谱语义搜索方法,方法
7.4.1基于关键词的知识图谱语义搜索方法近年来，各大商业搜索引擎的成功表明用户使用关键字进行搜索非常舒适，这是由于关键词能够直观地表达信息需求[16]。,关键词,知识表示,data,内容,用户使用关键字进行搜索非常舒适，这是由于关键词能够直观地表达信息需求,描述
基于关键词查询和自然语言自动问答形式的知识图谱语义搜索引起广泛关注。,知识图谱,知识图谱,data,内容,语义搜索,语义搜索
基于关键词查询和自然语言自动问答形式的知识图谱语义搜索引起广泛关注。,语义搜索,语义搜索,data,内容,基于关键词查询和自然语言自动问答形式,搜索方式
知识图谱上的关键词查询主要可以分为两类[17]：基于关键词直接在知识图谱上搜索答案；基于关键词生成结构化的查询，进而提交给查询引擎得到结果。,关键词查询,语义搜索,data,内容,基于关键词直接在知识图谱上搜索答案；基于关键词生成结构化的查询，进而提交给查询引擎得到结果,描述
知识图谱上的关键词查询主要可以分为两类[17]：基于关键词直接在知识图谱上搜索答案；基于关键词生成结构化的查询，进而提交给查询引擎得到结果。,关键词查询,语义搜索,object,包含,查询引擎,语义搜索
1.基于关键词直接在知识图谱上搜索答案将关键词在知识图谱上直接进行搜索的方法，其核心思想是采用知识图谱子图定位的策略。,知识图谱子图,知识图谱,data,内容,子图定位的策略,知识推理
1.基于关键词直接在知识图谱上搜索答案将关键词在知识图谱上直接进行搜索的方法，其核心思想是采用知识图谱子图定位的策略。,基于关键词直接在知识图谱上搜索答案,知识检索方法,data,方法,将关键词在知识图谱上直接进行搜索的方法，其核心思想是采用知识图谱子图定位的策略,方法描述
基本流程是建立有效的关键词和知识图谱子图的索引，对于给定的关键字查询，首先在索引上匹配得到候选的知识图谱子图，进而实现对搜索空间的剪枝。,知识图谱子图,知识图谱,data,内容,建立有效的关键词和知识图谱子图的索引，对于给定的关键字查询，首先在索引上匹配得到候选的知识图谱子图，进而实现对搜索空间的剪枝,描述
基本流程是建立有效的关键词和知识图谱子图的索引，对于给定的关键字查询，首先在索引上匹配得到候选的知识图谱子图，进而实现对搜索空间的剪枝。,索引,知识存储,object,实现,搜索空间,语义搜索
基于关键词直接在知识图谱上搜索答案主要可以解决简单的语义搜索，即查询答案仅仅出现在单条知识图谱三元组中，对于复杂的语义查询往往无法适用。,基于关键词直接在知识图谱上搜索答案,搜索方法,data,内容,主要可以解决简单的语义搜索，即查询答案仅仅出现在单条知识图谱三元组中，对于复杂的语义查询往往无法适用。,描述
基于关键词直接在知识图谱上搜索答案主要可以解决简单的语义搜索，即查询答案仅仅出现在单条知识图谱三元组中，对于复杂的语义查询往往无法适用。,基于关键词直接在知识图谱上搜索答案,知识图谱搜索方法,data,缺点,对于复杂的语义查询往往无法适用,描述
基于关键词直接在知识图谱上搜索答案主要可以解决简单的语义搜索，即查询答案仅仅出现在单条知识图谱三元组中，对于复杂的语义查询往往无法适用。,语义搜索,语义搜索,data,内容,查询答案仅仅出现在单条知识图谱三元组中,描述
基于关键词直接在知识图谱上搜索答案主要可以解决简单的语义搜索，即查询答案仅仅出现在单条知识图谱三元组中，对于复杂的语义查询往往无法适用。,知识图谱,知识图谱,data,作用,解决简单的语义搜索，即查询答案仅仅出现在单条知识图谱三元组中,语义搜索
2.基于关键词生成结构化的查询将关键词集合转化为结构化的查询方法主要包括三个步骤：（1）关键词映射。,关键词映射,知识抽取,data,方法,基于关键词生成结构化的查询将关键词集合转化为结构化的查询方法主要包括三个步骤：（1）关键词映射,描述
进行映射的主要原因是用户输入的关键词和知识图谱上的实体关系往往存在语义鸿沟，例如，关键词“妻子”在知识图谱可能对应的是“配偶”。,知识图谱,知识图谱,data,缺点,用户输入的关键词和知识图谱上的实体关系往往存在语义鸿沟,知识表示
进行映射的主要原因是用户输入的关键词和知识图谱上的实体关系往往存在语义鸿沟，例如，关键词“妻子”在知识图谱可能对应的是“配偶”。,实体关系,知识表示,data,缺点,用户输入的关键词和知识图谱上的实体关系往往存在语义鸿沟,知识表示
所以，需要将关键词映射到知识图谱上实体、关系以及文本内容等。,知识图谱,知识图谱,data,内容,实体、关系以及文本内容,知识表示
在此过程中，需要对知识图谱进行预处理，构建关键词和知识图谱实体和边的索引，进而在知识图谱上快速定位与关键词相关的实体和关系。,知识图谱,知识图谱,data,内容,预处理，构建关键词和知识图谱实体和边的索引，进而在知识图谱上快速定位与关键词相关的实体和关系,描述
在此过程中，需要对知识图谱进行预处理，构建关键词和知识图谱实体和边的索引，进而在知识图谱上快速定位与关键词相关的实体和关系。,知识图谱,知识图谱,object,包含,知识图谱实体,知识图谱
在此过程中，需要对知识图谱进行预处理，构建关键词和知识图谱实体和边的索引，进而在知识图谱上快速定位与关键词相关的实体和关系。,知识图谱,知识图谱,object,包含,边,知识图谱
在知识图谱中，基于生成的实体和关系拓展，能够生成局部的知识图谱子图，就得到了结构化查询需要的查询图结构。,知识图谱,知识图谱,data,内容,基于生成的实体和关系拓展，能够生成局部的知识图谱子图，就得到了结构化查询需要的查询图结构,描述
在知识图谱中，基于生成的实体和关系拓展，能够生成局部的知识图谱子图，就得到了结构化查询需要的查询图结构。,知识图谱子图,知识图谱,data,内容,基于生成的实体和关系拓展，能够生成局部的知识图谱子图,描述
在知识图谱中，基于生成的实体和关系拓展，能够生成局部的知识图谱子图，就得到了结构化查询需要的查询图结构。,查询图结构,语义搜索,data,内容,结构化查询需要的查询图结构,描述
在关键词映射过程中，一个关键词往往会映射到知识图谱中的多个实体或关系，进而发现多个局部子图，生成多个结构化的查询。,关键词映射,知识抽取,data,内容,一个关键词往往会映射到知识图谱中的多个实体或关系，进而发现多个局部子图，生成多个结构化的查询,描述
在关键词映射过程中，一个关键词往往会映射到知识图谱中的多个实体或关系，进而发现多个局部子图，生成多个结构化的查询。,关键词映射,知识抽取,object,包含,知识图谱,知识图谱
在关键词映射过程中，一个关键词往往会映射到知识图谱中的多个实体或关系，进而发现多个局部子图，生成多个结构化的查询。,知识图谱,知识图谱,object,包含,实体,知识表示
在关键词映射过程中，一个关键词往往会映射到知识图谱中的多个实体或关系，进而发现多个局部子图，生成多个结构化的查询。,知识图谱,知识图谱,object,包含,关系,知识表示
值得一提的是，基于关键词的语义搜索还需要考虑对查询结果进行排序，让用户通过观察排序结果进而更新关键词。,语义搜索,语义搜索,data,内容,基于关键词的语义搜索还需要考虑对查询结果进行排序，让用户通过观察排序结果进而更新关键词,描述
7.4.2基于分面的知识图谱语义搜索分面（Facet）概念最早是由“印度图书馆学之父”S.R.Ranganathan提出来的，用于表示图书文献的多维属性，并在此基础上提出了第一种图书分面分类法——冒号分类法（Colon_Classification)。,分面,知识表示,data,被定义为,用于表示图书文献的多维属性,定义
7.4.2基于分面的知识图谱语义搜索分面（Facet）概念最早是由“印度图书馆学之父”S.R.Ranganathan提出来的，用于表示图书文献的多维属性，并在此基础上提出了第一种图书分面分类法——冒号分类法（Colon_Classification)。,分面,知识表示,data,内容,概念最早是由“印度图书馆学之父”S.R.Ranganathan提出来的，用于表示图书文献的多维属性，并在此基础上提出了第一种图书分面分类法——冒号分类法（Colon_Classification),描述
7.4.2基于分面的知识图谱语义搜索分面（Facet）概念最早是由“印度图书馆学之父”S.R.Ranganathan提出来的，用于表示图书文献的多维属性，并在此基础上提出了第一种图书分面分类法——冒号分类法（Colon_Classification)。,分面,知识表示,data,链接,S.R.Ranganathan,人物
7.4.2基于分面的知识图谱语义搜索分面（Facet）概念最早是由“印度图书馆学之父”S.R.Ranganathan提出来的，用于表示图书文献的多维属性，并在此基础上提出了第一种图书分面分类法——冒号分类法（Colon_Classification)。,分面分类法,知识表示,data,被定义为,第一种图书分面分类法——冒号分类法（Colon_Classification),定义
7.4.2基于分面的知识图谱语义搜索分面（Facet）概念最早是由“印度图书馆学之父”S.R.Ranganathan提出来的，用于表示图书文献的多维属性，并在此基础上提出了第一种图书分面分类法——冒号分类法（Colon_Classification)。,分面分类法,知识表示,data,作用,表示图书文献的多维属性,描述
7.4.2基于分面的知识图谱语义搜索分面（Facet）概念最早是由“印度图书馆学之父”S.R.Ranganathan提出来的，用于表示图书文献的多维属性，并在此基础上提出了第一种图书分面分类法——冒号分类法（Colon_Classification)。,分面分类法,知识表示,data,方法,冒号分类法,知识表示
7.4.2基于分面的知识图谱语义搜索分面（Facet）概念最早是由“印度图书馆学之父”S.R.Ranganathan提出来的，用于表示图书文献的多维属性，并在此基础上提出了第一种图书分面分类法——冒号分类法（Colon_Classification)。,冒号分类法,知识表示,data,英文名,Colon_Classification,字符串
7.4.2基于分面的知识图谱语义搜索分面（Facet）概念最早是由“印度图书馆学之父”S.R.Ranganathan提出来的，用于表示图书文献的多维属性，并在此基础上提出了第一种图书分面分类法——冒号分类法（Colon_Classification)。,冒号分类法,知识表示,object,实例,分面分类法,知识表示
典型的定义将分面描述为属性或一组分类体系（category），或将分面定义为某个主题的维度或侧面。,分面,知识表示,data,被定义为,某个主题的维度或侧面,知识表示
典型的定义将分面描述为属性或一组分类体系（category），或将分面定义为某个主题的维度或侧面。,分面,知识表示,object,包含,属性,知识表示
典型的定义将分面描述为属性或一组分类体系（category），或将分面定义为某个主题的维度或侧面。,分面,知识表示,object,包含,分类体系,知识表示
典型的定义将分面描述为属性或一组分类体系（category），或将分面定义为某个主题的维度或侧面。,分面,知识表示,object,包含,主题的维度,知识表示
典型的定义将分面描述为属性或一组分类体系（category），或将分面定义为某个主题的维度或侧面。,分面,知识表示,object,包含,侧面,知识表示
基于分面的语义搜索已经在工业界取得了广泛应用，如图7-10所示的是Ebay的商品分面搜索系统。,分面的语义搜索,语义搜索,data,内容,Ebay的商品分面搜索系统,语义搜索
"图7-10Ebay的商品分面搜索系统具体到知识图谱上的分面搜索，可以根据RDF三元组定义分面和值，即分面可以被object是分面的看作一个在当前结果集中的RDF资源（实体）的属性，这些属性的值[18,19]，如图7-11所示。",分面搜索,语义搜索,data,内容,可以根据RDF三元组定义分面和值，即分面可以被object是分面的看作一个在当前结果集中的RDF资源（实体）的属性，这些属性的值,描述
"图7-10Ebay的商品分面搜索系统具体到知识图谱上的分面搜索，可以根据RDF三元组定义分面和值，即分面可以被object是分面的看作一个在当前结果集中的RDF资源（实体）的属性，这些属性的值[18,19]，如图7-11所示。",分面搜索,语义搜索,object,包含,RDF三元组,知识表示
"图7-10Ebay的商品分面搜索系统具体到知识图谱上的分面搜索，可以根据RDF三元组定义分面和值，即分面可以被object是分面的看作一个在当前结果集中的RDF资源（实体）的属性，这些属性的值[18,19]，如图7-11所示。",RDF资源,知识表示,object,包含,实体,知识表示
图7-11知识图谱分面实例图7-12展示了面向RDF数据分面搜索系统Dataplorer[18]的主要功能，可以看出构建知识图谱的分面搜索系统的主要环节包括：即时的计算生成分面、实时地计算分面的值以及根据用户的交互点击找到相关的分面。,分面搜索系统,语义搜索,data,方法,即时的计算生成分面、实时地计算分面的值以及根据用户的交互点击找到相关的分面,知识推理
图7-11知识图谱分面实例图7-12展示了面向RDF数据分面搜索系统Dataplorer[18]的主要功能，可以看出构建知识图谱的分面搜索系统的主要环节包括：即时的计算生成分面、实时地计算分面的值以及根据用户的交互点击找到相关的分面。,分面搜索系统,语义搜索,object,包含,计算生成分面,知识推理
图7-11知识图谱分面实例图7-12展示了面向RDF数据分面搜索系统Dataplorer[18]的主要功能，可以看出构建知识图谱的分面搜索系统的主要环节包括：即时的计算生成分面、实时地计算分面的值以及根据用户的交互点击找到相关的分面。,分面搜索系统,语义搜索,object,包含,计算分面的值,知识推理
图7-11知识图谱分面实例图7-12展示了面向RDF数据分面搜索系统Dataplorer[18]的主要功能，可以看出构建知识图谱的分面搜索系统的主要环节包括：即时的计算生成分面、实时地计算分面的值以及根据用户的交互点击找到相关的分面。,分面搜索系统,语义搜索,object,包含,用户交互点击,语义搜索
图7-11知识图谱分面实例图7-12展示了面向RDF数据分面搜索系统Dataplorer[18]的主要功能，可以看出构建知识图谱的分面搜索系统的主要环节包括：即时的计算生成分面、实时地计算分面的值以及根据用户的交互点击找到相关的分面。,Dataplorer,知识图谱项目,data,内容,面向RDF数据分面搜索系统Dataplorer的主要功能,描述
图7-12知识图谱分面搜索系统Dataplorer由于分面搜索的技术多种多样，本节不再详细展开。,Dataplorer,知识图谱项目,data,内容,知识图谱分面搜索系统,描述
图7-12知识图谱分面搜索系统Dataplorer由于分面搜索的技术多种多样，本节不再详细展开。,Dataplorer,知识图谱项目,data,英文名,Dataplorer,string
此外，每一个当前浏览的知识图谱实体可能有大量分面，还需要对分面进行排序和分面隐藏。,知识图谱实体,知识图谱,object,由组成,分面,知识表示
7.4.3基于表示学习的知识图谱语义搜索近年来，知识图谱表示学习技术的出现，在知识图谱存储、构建、补全以及应用层面都产生了深远的影响。,知识图谱表示学习技术,知识表示,data,内容,知识图谱存储、构建、补全以及应用层面都产生了深远的影响,描述
利用知识图谱表示学习技术来改善语义搜索的质量，也逐渐引起学术界和工业界的兴趣。,知识图谱表示学习技术,知识表示,object,实现,语义搜索,语义搜索
知识图谱表示学习旨在通过机器学习技术，将知识图谱中的实体和关系投射到连续低维的向量空间中，同时保持原有知识图谱的基本结构和性质[20]。,知识图谱表示学习,知识表示,data,内容,将知识图谱中的实体和关系投射到连续低维的向量空间中，同时保持原有知识图谱的基本结构和性质,描述
知识图谱表示学习旨在通过机器学习技术，将知识图谱中的实体和关系投射到连续低维的向量空间中，同时保持原有知识图谱的基本结构和性质[20]。,知识图谱表示学习,知识表示,data,方法,通过机器学习技术，将知识图谱中的实体和关系投射到连续低维的向量空间中，同时保持原有知识图谱的基本结构和性质,描述
知识图谱表示学习旨在通过机器学习技术，将知识图谱中的实体和关系投射到连续低维的向量空间中，同时保持原有知识图谱的基本结构和性质[20]。,知识图谱表示学习,知识表示,object,实现,向量空间,知识表示
知识图谱表示学习旨在通过机器学习技术，将知识图谱中的实体和关系投射到连续低维的向量空间中，同时保持原有知识图谱的基本结构和性质[20]。,知识图谱,知识图谱,object,包含,实体,知识图谱
知识图谱表示学习旨在通过机器学习技术，将知识图谱中的实体和关系投射到连续低维的向量空间中，同时保持原有知识图谱的基本结构和性质[20]。,知识图谱,知识图谱,object,包含,关系,知识图谱
在知识图谱表示学习技术出现之前，通常以图数据库的形式组织和存储知识图谱。,图数据库,知识存储,data,方法,组织和存储知识图谱,操作描述
在知识图谱表示学习技术出现之前，通常以图数据库的形式组织和存储知识图谱。,知识图谱表示学习技术,知识表示,object,前提,图数据库,知识存储
然而，随着开放知识图谱数据规模越来越大，即使是中等规模的知识图谱也可能包含了数以千计的关系类型、数百万的实体和数亿的三元组。,知识图谱,知识图谱,data,内容,数以千计的关系类型、数百万的实体和数亿的三元组,描述
传统的基于图存储和图算法的知识图谱应用越来越受限于数据稀疏性和计算效率低下的问题[21]。,知识图谱,知识图谱,data,缺点,受限于数据稀疏性和计算效率低下的问题,问题描述
传统的基于图存储和图算法的知识图谱应用越来越受限于数据稀疏性和计算效率低下的问题[21]。,图存储,知识存储,data,缺点,受限于数据稀疏性和计算效率低下的问题,问题描述
传统的基于图存储和图算法的知识图谱应用越来越受限于数据稀疏性和计算效率低下的问题[21]。,图算法,知识推理,data,缺点,受限于数据稀疏性和计算效率低下的问题,问题描述
通过知识图谱表示学习技术，将其投射到低维连续的向量空间中，对于语义搜索领域主要有两个好处。,知识图谱表示学习技术,知识表示,data,作用,将其投射到低维连续的向量空间中，对于语义搜索领域主要有两个好处,描述
例如，衡量两个实体之间的相似度可以通过直接计算两个实体在向量空间中的欧式距离来实现。,相似度,知识推理,data,方法,直接计算两个实体在向量空间中的欧式距离,方法描述
例如，衡量两个实体之间的相似度可以通过直接计算两个实体在向量空间中的欧式距离来实现。,相似度,知识推理,object,实现,向量空间,知识表示
二是低维连续的知识图谱向量表示是通过机器学习技术学习得到的，其学习过程既考虑了知识图谱的局部特征，又考虑了全局特征，生成的实体和关系的向量在本质上是一种蕴涵语义更丰富的表示，可以进行高效率的简单查询推理。,知识图谱向量表示,知识表示,data,内容,通过机器学习技术学习得到的，其学习过程既考虑了知识图谱的局部特征，又考虑了全局特征，生成的实体和关系的向量在本质上是一种蕴涵语义更丰富的表示，可以进行高效率的简单查询推理,描述
二是低维连续的知识图谱向量表示是通过机器学习技术学习得到的，其学习过程既考虑了知识图谱的局部特征，又考虑了全局特征，生成的实体和关系的向量在本质上是一种蕴涵语义更丰富的表示，可以进行高效率的简单查询推理。,知识图谱向量表示,知识表示,data,作用,可以进行高效率的简单查询推理,知识推理
二是低维连续的知识图谱向量表示是通过机器学习技术学习得到的，其学习过程既考虑了知识图谱的局部特征，又考虑了全局特征，生成的实体和关系的向量在本质上是一种蕴涵语义更丰富的表示，可以进行高效率的简单查询推理。,知识图谱向量表示,知识表示,data,方法,通过机器学习技术学习得到的，其学习过程既考虑了知识图谱的局部特征，又考虑了全局特征,描述
二是低维连续的知识图谱向量表示是通过机器学习技术学习得到的，其学习过程既考虑了知识图谱的局部特征，又考虑了全局特征，生成的实体和关系的向量在本质上是一种蕴涵语义更丰富的表示，可以进行高效率的简单查询推理。,机器学习技术,知识抽取,object,实现,知识图谱向量表示,知识表示
下面从基于表示学习的结构化语义查询和基于表示学习的自然语言语义查询两个方面，介绍知识图谱表示学习技术可以带来哪些改进。,知识图谱表示学习技术,知识表示,object,包含,结构化语义查询,语义搜索
下面从基于表示学习的结构化语义查询和基于表示学习的自然语言语义查询两个方面，介绍知识图谱表示学习技术可以带来哪些改进。,知识图谱表示学习技术,知识表示,object,包含,自然语言语义查询,语义搜索
1.基于表示学习的结构化语义查询表示学习在结构化语义查询的应用主要是可以有效、高速地进行近似语义搜索。,表示学习,知识表示,data,作用,可以有效、高速地进行近似语义搜索,语义搜索
1.基于表示学习的结构化语义查询表示学习在结构化语义查询的应用主要是可以有效、高速地进行近似语义搜索。,结构化语义查询,语义搜索,data,方法,基于表示学习的结构化语义查询表示学习在结构化语义查询的应用主要是可以有效、高速地进行近似语义搜索,描述
如图7-13所示[22]，初始的结构化查询可以看作是一个查询图，虽然查询图中的查询目标在数据层中不存在，但可以基于查询图，利用翻译机制等表示学习算子计算出其在向量空间中的坐标（如图7-13中点A所示），进而通过最近邻搜索找到近似结果（如图7-13中点B所示），该近似结果很可能接近用户的初始查询意图。,结构化查询,知识表示,data,方法,可以看作是一个查询图,知识表示
如图7-13所示[22]，初始的结构化查询可以看作是一个查询图，虽然查询图中的查询目标在数据层中不存在，但可以基于查询图，利用翻译机制等表示学习算子计算出其在向量空间中的坐标（如图7-13中点A所示），进而通过最近邻搜索找到近似结果（如图7-13中点B所示），该近似结果很可能接近用户的初始查询意图。,查询图,知识表示,data,目标,查询图中的查询目标在数据层中不存在，但可以基于查询图，利用翻译机制等表示学习算子计算出其在向量空间中的坐标（如图7-13中点A所示），进而通过最近邻搜索找到近似结果（如图7-13中点B所示），该近似结果很可能接近用户的初始查询意图,描述
如图7-13所示[22]，初始的结构化查询可以看作是一个查询图，虽然查询图中的查询目标在数据层中不存在，但可以基于查询图，利用翻译机制等表示学习算子计算出其在向量空间中的坐标（如图7-13中点A所示），进而通过最近邻搜索找到近似结果（如图7-13中点B所示），该近似结果很可能接近用户的初始查询意图。,查询图,知识表示,data,方法,利用翻译机制等表示学习算子计算出其在向量空间中的坐标,知识表示
如图7-13所示[22]，初始的结构化查询可以看作是一个查询图，虽然查询图中的查询目标在数据层中不存在，但可以基于查询图，利用翻译机制等表示学习算子计算出其在向量空间中的坐标（如图7-13中点A所示），进而通过最近邻搜索找到近似结果（如图7-13中点B所示），该近似结果很可能接近用户的初始查询意图。,表示学习算子,知识表示,data,作用,利用翻译机制等表示学习算子计算出其在向量空间中的坐标,描述
如图7-13所示[22]，初始的结构化查询可以看作是一个查询图，虽然查询图中的查询目标在数据层中不存在，但可以基于查询图，利用翻译机制等表示学习算子计算出其在向量空间中的坐标（如图7-13中点A所示），进而通过最近邻搜索找到近似结果（如图7-13中点B所示），该近似结果很可能接近用户的初始查询意图。,表示学习算子,知识表示,data,方法,计算出其在向量空间中的坐标,知识表示
如图7-13所示[22]，初始的结构化查询可以看作是一个查询图，虽然查询图中的查询目标在数据层中不存在，但可以基于查询图，利用翻译机制等表示学习算子计算出其在向量空间中的坐标（如图7-13中点A所示），进而通过最近邻搜索找到近似结果（如图7-13中点B所示），该近似结果很可能接近用户的初始查询意图。,向量空间,知识表示,data,内容,计算出其在向量空间中的坐标,描述
如图7-13所示[22]，初始的结构化查询可以看作是一个查询图，虽然查询图中的查询目标在数据层中不存在，但可以基于查询图，利用翻译机制等表示学习算子计算出其在向量空间中的坐标（如图7-13中点A所示），进而通过最近邻搜索找到近似结果（如图7-13中点B所示），该近似结果很可能接近用户的初始查询意图。,最近邻搜索,语义搜索,data,作用,通过最近邻搜索找到近似结果,描述
如图7-13所示[22]，初始的结构化查询可以看作是一个查询图，虽然查询图中的查询目标在数据层中不存在，但可以基于查询图，利用翻译机制等表示学习算子计算出其在向量空间中的坐标（如图7-13中点A所示），进而通过最近邻搜索找到近似结果（如图7-13中点B所示），该近似结果很可能接近用户的初始查询意图。,最近邻搜索,语义搜索,data,方法,找到近似结果,语义搜索
图7-13基于表示学习的知识图谱结构化查询示意图2.基于表示学习的自然语言语义查询自然语言形式的语义查询的核心在于短语（phrase）到知识图谱上实体或边的映射，进而生成结构化的查询。,自然语言语义查询,语义搜索,data,方法,短语（phrase）到知识图谱上实体或边的映射，进而生成结构化的查询,语义搜索
图7-13基于表示学习的知识图谱结构化查询示意图2.基于表示学习的自然语言语义查询自然语言形式的语义查询的核心在于短语（phrase）到知识图谱上实体或边的映射，进而生成结构化的查询。,自然语言语义查询,语义搜索,object,包含,短语,知识抽取
图7-13基于表示学习的知识图谱结构化查询示意图2.基于表示学习的自然语言语义查询自然语言形式的语义查询的核心在于短语（phrase）到知识图谱上实体或边的映射，进而生成结构化的查询。,自然语言语义查询,语义搜索,object,包含,实体,知识图谱
图7-13基于表示学习的知识图谱结构化查询示意图2.基于表示学习的自然语言语义查询自然语言形式的语义查询的核心在于短语（phrase）到知识图谱上实体或边的映射，进而生成结构化的查询。,自然语言语义查询,语义搜索,object,包含,边,知识图谱
在映射的过程中，主要难点在于关系（实体之间的边或实体属性）歧义的消除和查询图的构建。,映射,知识融合,data,内容,关系（实体之间的边或实体属性）歧义的消除和查询图的构建,描述
在映射的过程中，主要难点在于关系（实体之间的边或实体属性）歧义的消除和查询图的构建。,关系,知识表示,data,内容,实体之间的边或实体属性,描述
图7-14基于表示学习的知识图谱自然语言语义查询示意图首先，在离线阶段，生成知识图谱的实值向量，并且将关系短语词典和知识图谱中的关系在向量空间中对齐。,知识图谱,知识图谱,data,内容,生成知识图谱的实值向量，并且将关系短语词典和知识图谱中的关系在向量空间中对齐,描述
图7-14基于表示学习的知识图谱自然语言语义查询示意图首先，在离线阶段，生成知识图谱的实值向量，并且将关系短语词典和知识图谱中的关系在向量空间中对齐。,知识图谱,知识图谱,data,方法,基于表示学习的知识图谱自然语言语义查询,语义搜索
图7-14基于表示学习的知识图谱自然语言语义查询示意图首先，在离线阶段，生成知识图谱的实值向量，并且将关系短语词典和知识图谱中的关系在向量空间中对齐。,关系短语词典,知识表示,data,方法,在向量空间中对齐,知识表示
在线上阶段，将首先通过关键字检索的方式发现知识图谱中和自然语言短语对应的候选实体和边的集合。,知识图谱,知识图谱,data,内容,和自然语言短语对应的候选实体和边的集合,知识表示
传统的语义搜索方法将对候选的实体和边进行消歧，容易出错；并且，在消歧后进行实体和边的组合，计算最优查询图，进而提交给查询引擎，效率较低。,语义搜索,语义搜索,data,方法,对候选的实体和边进行消歧，容易出错；并且，在消歧后进行实体和边的组合，计算最优查询图，进而提交给查询引擎，效率较低,描述
知识图谱的向量空间可以帮助模型省略消歧的过程，方法是将每一个候选实体集合中的实体平均实值向量作为查询图生成时的实体表示，进而并不需要某一个具体的实体向量。,向量空间,知识表示,data,方法,将每一个候选实体集合中的实体平均实值向量作为查询图生成时的实体表示,描述
以上两个案例在本质上是在传统语义搜索的数据和查询之间提供了全新的向量空间维度，进而利用实值向量计算的优势对查询进行改进。,向量空间维度,知识表示,data,作用,在传统语义搜索的数据和查询之间提供了全新的向量空间维度,描述
以上两个案例在本质上是在传统语义搜索的数据和查询之间提供了全新的向量空间维度，进而利用实值向量计算的优势对查询进行改进。,实值向量计算,知识推理,data,作用,利用实值向量计算的优势对查询进行改进,描述
以近似查询来说，基于表示学习的搜索可以在不修改初始查询的前提下直接返回近似结果，极大地提高近似查询的质量，为知识图谱近似查询提供了全新的思路。,表示学习,知识表示,data,作用,可以在不修改初始查询的前提下直接返回近似结果，极大地提高近似查询的质量，为知识图谱近似查询提供了全新的思路,描述
以近似查询来说，基于表示学习的搜索可以在不修改初始查询的前提下直接返回近似结果，极大地提高近似查询的质量，为知识图谱近似查询提供了全新的思路。,表示学习,知识表示,object,实现,知识图谱近似查询,语义搜索
以近似查询来说，基于表示学习的搜索可以在不修改初始查询的前提下直接返回近似结果，极大地提高近似查询的质量，为知识图谱近似查询提供了全新的思路。,知识图谱近似查询,语义搜索,data,作用,可以在不修改初始查询的前提下直接返回近似结果，极大地提高近似查询的质量，为知识图谱近似查询提供了全新的思路,描述
以近似查询来说，基于表示学习的搜索可以在不修改初始查询的前提下直接返回近似结果，极大地提高近似查询的质量，为知识图谱近似查询提供了全新的思路。,知识图谱近似查询,语义搜索,data,方法,基于表示学习的搜索可以在不修改初始查询的前提下直接返回近似结果，极大地提高近似查询的质量，为知识图谱近似查询提供了全新的思路,描述
值得一提的是，表示学习技术为知识图谱的语义搜索提供了新思路，但同时面临三项挑战，需要在实际使用中予以考虑：（1）最近邻搜索效率问题。,表示学习技术,知识表示,data,作用,为知识图谱的语义搜索提供了新思路,语义搜索
值得一提的是，表示学习技术为知识图谱的语义搜索提供了新思路，但同时面临三项挑战，需要在实际使用中予以考虑：（1）最近邻搜索效率问题。,表示学习技术,知识表示,data,缺点,面临三项挑战，需要在实际使用中予以考虑：（1）最近邻搜索效率问题,语义搜索
值得一提的是，表示学习技术为知识图谱的语义搜索提供了新思路，但同时面临三项挑战，需要在实际使用中予以考虑：（1）最近邻搜索效率问题。,表示学习技术,知识表示,object,实现,语义搜索,语义搜索
无论是近似查询，还是自然语言问答中的关系拓展和候选查询图构建，在向量空间中进行最近邻搜索存在维度灾难造成的效率问题。,最近邻搜索,语义搜索,data,缺点,存在维度灾难造成的效率问题,问题描述
在向量空间中利用基于链接预测的思想，对语义搜索的目标进行预估，但是当搜索目标受多个实体和关系共同约束时，需要考虑不同链接预测的结果进行叠加时的合取问题。,语义搜索,语义搜索,data,目标,进行预估,描述
在向量空间中利用基于链接预测的思想，对语义搜索的目标进行预估，但是当搜索目标受多个实体和关系共同约束时，需要考虑不同链接预测的结果进行叠加时的合取问题。,链接预测,知识推理,data,缺点,当搜索目标受多个实体和关系共同约束时，需要考虑不同链接预测的结果进行叠加时的合取问题,问题描述
表示学习技术可以让语义检索绕过对查询本身的修改拓展，直接得到近似结果，在提高效率和精度的同时又带来结果的可解释问题。,表示学习技术,知识表示,data,作用,让语义检索绕过对查询本身的修改拓展，直接得到近似结果，在提高效率和精度的同时又带来结果的可解释问题,描述
表示学习技术可以让语义检索绕过对查询本身的修改拓展，直接得到近似结果，在提高效率和精度的同时又带来结果的可解释问题。,表示学习技术,知识表示,data,缺点,带来结果的可解释问题,描述
该搜索引擎可以按照名称搜索实体、实体属性、多跳搜索以及搜索符合多对属性要求的实体。,实体属性,知识表示,data,内容,名称搜索实体、实体属性、多跳搜索以及搜索符合多对属性要求的实体,描述
该搜索引擎可以按照名称搜索实体、实体属性、多跳搜索以及搜索符合多对属性要求的实体。,多跳搜索,语义搜索,data,内容,名称搜索实体、实体属性、多跳搜索以及搜索符合多对属性要求的实体,描述
该搜索引擎可以按照名称搜索实体、实体属性、多跳搜索以及搜索符合多对属性要求的实体。,多跳搜索,语义搜索,data,作用,搜索符合多对属性要求的实体,语义搜索
该搜索引擎可以按照名称搜索实体、实体属性、多跳搜索以及搜索符合多对属性要求的实体。,多对属性要求的实体,语义搜索,data,内容,名称搜索实体、实体属性、多跳搜索以及搜索符合多对属性要求的实体,描述
该搜索引擎可以按照名称搜索实体、实体属性、多跳搜索以及搜索符合多对属性要求的实体。,该搜索引擎,搜索引擎,object,包含,实体属性,知识表示
该搜索引擎可以按照名称搜索实体、实体属性、多跳搜索以及搜索符合多对属性要求的实体。,该搜索引擎,搜索引擎,object,包含,多跳搜索,语义搜索
本实践的相关工具、实验数据及操作说明由OpenKG提供，地址为http://openkg.cn。,OpenKG,知识图谱项目,data,链接,http://openkg.cn,网址
7.5.1功能介绍1.实体搜索实体搜索即输入实体名称，返回该实体的知识卡片（实体在知识图谱中的所有属性和属性值），如图7-15所示。,实体搜索,语义搜索,data,内容,输入实体名称，返回该实体的知识卡片（实体在知识图谱中的所有属性和属性值）,功能描述
7.5.1功能介绍1.实体搜索实体搜索即输入实体名称，返回该实体的知识卡片（实体在知识图谱中的所有属性和属性值），如图7-15所示。,实体搜索,语义搜索,object,包含,知识卡片,知识表示
7.5.1功能介绍1.实体搜索实体搜索即输入实体名称，返回该实体的知识卡片（实体在知识图谱中的所有属性和属性值），如图7-15所示。,知识卡片,知识表示,data,内容,实体在知识图谱中的所有属性和属性值,描述
图7-15实体搜索功能示意图2.实体的属性搜索输入实体名称和一个属性名称，如果该实体存在该属性值，则返回该属性值，如图7-16所示。,实体搜索,语义搜索,data,内容,输入实体名称和一个属性名称，如果该实体存在该属性值，则返回该属性值，如图7-16所示,描述
图7-15实体搜索功能示意图2.实体的属性搜索输入实体名称和一个属性名称，如果该实体存在该属性值，则返回该属性值，如图7-16所示。,属性搜索,语义搜索,data,内容,输入实体名称和一个属性名称，如果该实体存在该属性值，则返回该属性值，如图7-16所示,描述
图7-16实体属性值搜索功能示意图3.多跳搜索多跳搜索可以输入多个属性，实现多跳搜索，即形如“姚明的女儿的母亲的身高”，其中“姚明：女儿”查询得到的是实体“姚明”的一个属性，但同时这个属性值也作为一个实体存在于数据集中，那么就可以接着对该实体继续查询其属性和值，如图7-17所示。,多跳搜索,语义搜索,data,内容,可以输入多个属性，实现多跳搜索，即形如“姚明的女儿的母亲的身高”，其中“姚明：女儿”查询得到的是实体“姚明”的一个属性，但同时这个属性值也作为一个实体存在于数据集中，那么就可以接着对该实体继续查询其属性和值,描述
图7-16实体属性值搜索功能示意图3.多跳搜索多跳搜索可以输入多个属性，实现多跳搜索，即形如“姚明的女儿的母亲的身高”，其中“姚明：女儿”查询得到的是实体“姚明”的一个属性，但同时这个属性值也作为一个实体存在于数据集中，那么就可以接着对该实体继续查询其属性和值，如图7-17所示。,多跳搜索,语义搜索,object,实现,多跳搜索,语义搜索
图7-17多跳搜索功能示意图4.按照多种属性条件检索实体输入多对[属性名opearotr属性值]，它们之间的关系可以是AND、OR、NOT，同时属性值是等于、大于、小于一个输入值，返回满足这些属性限制的实体。,属性条件检索,语义搜索,object,包含,实体,知识表示
